track_id,track_name,artist_name,album_name,duration_ms,danceability,energy,key,loudness,mode,speechiness,acousticness,instrumentalness,liveness,valence,tempo,popularity,playlist_name,playlist_type,user_label
liked_1,Liked Song 1,Artist 1,Liked Album 1,160279,0.5511321816620168,0.7455775537180998,6,-11.72604246191192,0,0.061513426572281094,0.13628755363241457,0.3336667493128128,0.09883735301073056,,107.90375275546155,81,Release Radar,release_radar,liked
liked_2,Liked Song 2,Artist 2,Liked Album 2,247394,0.628896235837627,0.7233329897380314,10,-5.380364905866035,0,0.03158619163686163,0.17267720537690034,0.23532760079714088,0.1433545044048571,0.8121649118432255,134.89132522163413,66,Discover Weekly,release_radar,liked
liked_3,Liked Song 3,Artist 3,Liked Album 3,243242,0.6009470679600476,0.5864710007058802,2,-12.391219461273884,0,0.09426862864491636,0.7270562056240818,0.45245666087040015,0.23839202355294362,0.7352930987636743,86.16970445181346,48,Discover Weekly,release_radar,liked
liked_4,Liked Song 4,Artist 4,Liked Album 4,246344,0.6141775764914191,,11,-6.390500639608973,1,0.09037175091488006,0.7083206073283029,0.4635246051856002,0.15221207377222792,0.7729033694608912,80.03830997825933,69,Release Radar,release_radar,liked
liked_5,Liked Song 5,Artist 5,Liked Album 5,167233,0.7647332581599638,0.5979804193589939,6,-12.826980538206085,0,0.04975019000324961,0.06789406001653708,0.4176878522380395,0.17819737382663292,0.7376628734614835,124.34912846527199,83,Release Radar,discover_weekly,liked
liked_6,Liked Song 6,Artist 6,Liked Album 6,174547,0.7837246078835167,0.6610632773834607,4,-11.6219202563476,1,0.1391782869246413,0.22188092464074433,0.1550014416936381,0.06709338403315523,0.8585860487009058,125.47175293313306,30,Discover Weekly,release_radar,liked
liked_7,Liked Song 7,Artist 7,Liked Album 7,221273,0.5582700007994755,0.634284577890772,1,-12.077303517866234,1,0.04062111331207829,0.5390414013530244,0.31982296129714655,0.01419138309963156,0.7624911854949137,112.73860768653516,48,Release Radar,release_radar,liked
liked_8,Liked Song 8,Artist 8,Liked Album 8,160325,0.7017582480255475,0.6503480917755842,11,-11.107745854885701,1,0.11272378375718288,0.15182977611870058,0.06989834281935453,0.12853595711056523,0.8550572294179087,78.89590092394698,62,Discover Weekly,release_radar,liked
liked_9,Liked Song 9,Artist 9,Liked Album 9,208176,0.8458000953882606,0.7270292341146468,3,-9.269657420584934,1,0.046305499343833864,0.4119415203632374,0.4363549675918277,0.15613790506740824,0.7224560253229769,83.60780705059571,55,Discover Weekly,release_radar,liked
liked_10,Liked Song 10,Artist 10,Liked Album 10,157723,0.720222480643831,0.7111493241201805,1,-6.2140946977841836,0,0.07248048496119122,0.5794621160173024,0.050395005016055816,0.15695121885184135,0.7535068644745642,90.33965982424567,45,Release Radar,release_radar,liked
liked_11,Liked Song 11,Artist 11,Liked Album 11,233872,0.7584797300808224,0.5559913488194,7,-14.177266060207064,0,0.0498821317899808,0.43615282902629504,0.3320053705400513,0.16271354869423493,0.613946634208369,86.8495026847713,46,Release Radar,release_radar,liked
liked_12,Liked Song 12,Artist 12,Liked Album 12,201332,0.5515071189499552,0.5970507068474268,3,-7.674299962869259,0,0.058566365717522065,0.4410414717810565,0.184469312107855,0.18009377631275225,0.6986862189941446,79.69905824431274,30,Discover Weekly,release_radar,liked
liked_13,Liked Song 13,Artist 13,Liked Album 13,151044,,0.7466676458807463,2,-11.74267250676639,0,0.11675878658707507,0.5853614339837518,0.30762778060153884,0.15218659044953395,0.718683146836978,71.81914452935983,66,Release Radar,discover_weekly,liked
liked_14,Liked Song 14,Artist 14,Liked Album 14,293735,0.7983243938081526,,4,-6.706340704813218,1,0.14302480564465594,0.06548550534883972,0.13328548950250846,0.1627393636381166,0.7840312347590784,110.71022861183089,46,Discover Weekly,discover_weekly,liked
liked_15,Liked Song 15,Artist 15,Liked Album 15,270708,0.7387131612714193,0.759805286375016,2,-10.130534642983639,1,0.07909744440531111,0.8160342854702328,0.27693641178475464,0.13746586811764053,0.8172167632477789,148.42957022626968,27,Discover Weekly,discover_weekly,liked
liked_16,Liked Song 16,Artist 16,Liked Album 16,256887,,0.6254814363632523,2,-12.53342465634045,0,0.11812666504176685,0.03905992684380729,0.0036542060463307102,0.09269316826131688,0.7175886869943645,73.03215670313332,85,Release Radar,discover_weekly,liked
liked_17,Liked Song 17,Artist 17,Liked Album 17,242201,0.7483491988409487,0.8481828964900058,4,-13.10345321635679,1,0.052098541036305984,0.22574042673626987,0.23243938953328508,0.14531219247424884,,114.48190089709652,26,Release Radar,release_radar,liked
liked_18,Liked Song 18,Artist 18,Liked Album 18,241009,0.7699504193801074,0.7800517941475871,5,-14.330517662741896,0,0.030736126632285803,0.24299287767172306,0.20279269665490218,0.16900899876838152,0.7771285337690499,143.43870102058594,69,Discover Weekly,discover_weekly,liked
liked_19,Liked Song 19,Artist 19,Liked Album 19,268794,0.785270924117632,0.5956365566058069,9,-11.745712067748894,0,0.08018930885389193,0.20189988670993822,0.01353546948350176,0.2951081180487511,0.7837659725206494,123.24658809319527,22,Release Radar,discover_weekly,liked
liked_20,Liked Song 20,Artist 20,Liked Album 20,281535,0.792932174859176,0.57056662607485,1,-10.556346873107616,1,0.0715397618153151,0.8971279081693837,0.1419366219350549,0.015100136341635984,0.8982077395625032,129.1362020134861,78,Release Radar,release_radar,liked
liked_21,Liked Song 21,Artist 21,Liked Album 21,227928,0.8101762453205908,0.567886796637795,6,-5.331514095643321,1,0.053229556844933766,0.8195984748559502,0.18000129257168956,0.23440542619401197,0.7213506674759169,,41,Release Radar,discover_weekly,liked
liked_22,Liked Song 22,Artist 22,Liked Album 22,298074,0.6801098775444591,0.6964356305252353,8,-11.963658380519224,1,0.038397242225642225,0.6308686809338441,0.09448468182943803,0.16412853446356193,0.8301998756898619,123.01903970135291,59,Discover Weekly,release_radar,liked
liked_23,Liked Song 23,Artist 23,Liked Album 23,294103,0.7695070996896755,0.8132360194074107,6,-11.139104731168935,1,0.13693224534253584,0.33733888024410896,0.23457253616315416,0.18363068807755586,0.7432068777380981,131.19830970748353,56,Discover Weekly,discover_weekly,liked
liked_24,Liked Song 24,Artist 24,Liked Album 24,211859,0.7314283545833824,0.6694242560438113,7,-13.432540764614185,1,0.07447115341979453,0.8194090424743576,0.23788092273601708,0.1455711184923147,0.8861992680935459,145.94232482317642,71,Release Radar,discover_weekly,liked
liked_25,Liked Song 25,Artist 25,Liked Album 25,247484,0.7560802799955223,0.7799375844657022,8,-13.712993682881109,1,0.07314660908187522,0.31051540446763676,0.40481597972724515,0.03289564834319287,0.7793049432305467,107.06201244132586,36,Discover Weekly,discover_weekly,liked
liked_26,Liked Song 26,Artist 26,Liked Album 26,234304,0.718349068624396,0.8115465375100667,0,-5.05172186147597,0,0.06731726272773347,0.2575874463175586,0.15621399959374543,0.01961652640381808,,143.828402350745,83,Release Radar,release_radar,liked
liked_27,Liked Song 27,Artist 27,Liked Album 27,201264,0.6049421552773643,0.5604051210257956,1,-13.779097296590377,1,0.1489442455789739,0.1144051537292748,0.02802653312495529,0.18878684729837472,0.7993366314620064,114.67553232082366,20,Release Radar,discover_weekly,liked
liked_28,Liked Song 28,Artist 28,Liked Album 28,210080,0.7711891862476629,0.6460738428149424,7,-14.891839077817462,1,0.08645864434522188,0.6516799752001882,0.22568842163484187,0.2327679754085833,0.7609101694117388,121.44566217484407,26,Release Radar,discover_weekly,liked
liked_29,Liked Song 29,Artist 29,Liked Album 29,161898,0.5505598160227562,0.8134909381792006,11,-8.44028137569066,1,0.13921639303739491,0.24252217956471378,0.31419212855986584,0.06951412384507695,0.6041892938308255,116.33724263906007,62,Discover Weekly,release_radar,liked
liked_30,Liked Song 30,Artist 30,Liked Album 30,226843,0.7410244133194772,0.5530261924035951,0,-11.0561703847645,0,0.09710549035023919,0.6287877135592296,0.23845458972545197,0.2129813537954929,0.7233736679162609,123.43175113124586,33,Release Radar,release_radar,liked
liked_31,Liked Song 31,Artist 31,Liked Album 31,192914,0.7536585238849591,0.6026309424407791,3,-6.550188294747398,1,0.1368106257795904,0.5746824644431773,0.35410013103674215,0.05117855646959565,0.8050329340631267,151.99372039536655,66,Discover Weekly,discover_weekly,liked
liked_32,Liked Song 32,Artist 32,Liked Album 32,158532,0.6836649927689029,0.6150018760648616,9,-6.802980403126028,0,0.11956578362668607,0.7673104360112798,0.29914559110061273,0.16839601438288979,0.8978496788905346,83.65194176213775,50,Release Radar,discover_weekly,liked
liked_33,Liked Song 33,Artist 33,Liked Album 33,255995,0.820210108756878,0.8247061287951498,7,-12.841905128465001,0,0.09647644064021223,0.6057906665884483,0.2709546596697836,0.25682277817494525,0.7034912853341867,,68,Release Radar,discover_weekly,liked
liked_34,Liked Song 34,Artist 34,Liked Album 34,242255,0.5709802573753726,0.6245022134152928,11,-6.019504911637801,1,0.10633836781656818,0.7778228891486407,0.11579718536237904,0.06537177143060582,0.6232193360452161,107.6526567232415,58,Discover Weekly,release_radar,liked
liked_35,Liked Song 35,Artist 35,Liked Album 35,267065,0.6521713981645301,0.7144156762486529,5,-12.51532299802907,1,0.09165308041506413,0.8803559857938255,0.21845767861165521,0.2099146454120408,0.7354984001827914,154.6875682990697,60,Release Radar,release_radar,liked
liked_36,Liked Song 36,Artist 36,Liked Album 36,273801,0.8213027099290365,0.5713677335956847,7,-8.47023489360063,0,0.11408950999443242,0.3206549116704151,0.3935367243026664,0.13911857698305669,0.7293134950874348,116.98355075334598,75,Discover Weekly,discover_weekly,liked
liked_37,Liked Song 37,Artist 37,Liked Album 37,296759,0.7761805101870043,0.6200542520098737,4,-5.815544353363887,1,0.03846295941948516,0.5364288830064143,0.04345231267059202,0.2401240673340685,0.8554256949618534,112.33858918823844,84,Release Radar,release_radar,liked
liked_38,Liked Song 38,Artist 38,Liked Album 38,199568,0.6930663512867468,0.7512912809949862,7,-5.725846197969858,1,0.0712093183999733,0.6765635692324083,0.12847696663516384,0.22837935876222523,0.7275202616027645,71.36535844254162,86,Release Radar,release_radar,liked
liked_39,Liked Song 39,Artist 39,Liked Album 39,199311,0.5933519562345126,0.6607549334659019,3,-14.674110001151185,0,0.13512147310737277,0.13131933507208157,0.4154897110046237,0.017044100428288567,0.7814903819990229,131.10105133724858,38,Discover Weekly,release_radar,liked
liked_40,Liked Song 40,Artist 40,Liked Album 40,175484,0.6710455567518185,0.7568437993099552,4,-13.336585610552948,1,0.13987492782206024,0.47461896578213597,0.43229673221883025,0.22800576989974194,0.7124795162300824,134.5278735014727,69,Discover Weekly,release_radar,liked
liked_41,Liked Song 41,Artist 41,Liked Album 41,189329,0.79523675580535,0.7226353773859326,8,-14.127311192349651,1,0.0754903404366011,0.5797678148629773,0.4868809448933117,0.20396945101574068,0.8713344536086737,128.51985985510552,54,Discover Weekly,discover_weekly,liked
liked_42,Liked Song 42,Artist 42,Liked Album 42,238073,0.8059342714040622,0.5818466412089378,4,-7.5808409048848695,1,0.055403654458798426,0.22713722829236394,0.09156275349720805,0.2755122819180152,0.6516126086428848,132.05636662249992,89,Discover Weekly,release_radar,liked
liked_43,Liked Song 43,Artist 43,Liked Album 43,197959,0.6631429228045387,0.6492737485018435,4,-6.25263660713885,1,0.08856468297479551,0.4453418101442894,0.46984635069285907,0.25485046728272276,0.8662851904258657,84.22591523260745,27,Release Radar,discover_weekly,liked
liked_44,Liked Song 44,Artist 44,Liked Album 44,194187,0.6595732945164915,0.7929195910755726,7,-11.917586723326771,1,0.10071407943269006,0.8631789484089762,0.19232555589195155,0.055064505162984397,0.6254079508332635,83.12048383077104,23,Discover Weekly,release_radar,liked
liked_45,Liked Song 45,Artist 45,Liked Album 45,236916,0.7665641038841485,0.8283529837554037,8,-7.810944033834385,0,0.14194478137710004,0.2858612747059415,0.03343532574996577,0.03771759829905159,0.8530324556747333,156.46585678434067,54,Release Radar,release_radar,liked
liked_46,Liked Song 46,Artist 46,Liked Album 46,246199,0.7078041846359207,0.5991815580721227,10,-5.608731487984279,0,0.06431953850132313,0.030667203174334023,0.2742229642888244,0.14594074357676987,0.6389165850524752,115.37040833659647,90,Discover Weekly,discover_weekly,liked
liked_47,Liked Song 47,Artist 47,Liked Album 47,247790,0.5534330456877085,0.8260097160156477,11,-8.997527213789006,0,0.05101836765453703,0.6845556834291869,0.26299570678144923,0.1826311666503244,0.6245633248582424,78.59169253307083,55,Discover Weekly,discover_weekly,liked
liked_48,Liked Song 48,Artist 48,Liked Album 48,234049,0.6157844442733711,0.6252780576393033,8,-9.059472310675975,1,0.07422086568925043,0.7116016993568247,0.2314376756373348,0.15464994876002575,0.8279111705463454,87.08709014219318,49,Discover Weekly,discover_weekly,liked
liked_49,Liked Song 49,Artist 49,Liked Album 49,225681,0.6270739193764475,0.8302811367136022,2,-6.607808282171833,0,0.10177268231421113,0.3494247082950511,0.4406595854175325,0.20762101715178222,0.6982279996098566,113.27819735902301,58,Release Radar,discover_weekly,liked
liked_50,Liked Song 50,Artist 50,Liked Album 50,202587,0.788709720074198,0.7430298214070763,1,-7.3784998011509,1,0.09687003182638684,0.19992265001443926,0.19820214706168487,0.10205045406138667,0.8771724252308067,147.86403386196656,71,Discover Weekly,discover_weekly,liked
liked_51,Liked Song 51,Artist 51,Liked Album 51,192286,0.6755409805206463,0.6968492943607646,1,-14.14073958214838,0,0.14274423993894192,0.43863582763634684,0.10139817631748677,0.061201578713571625,0.7636752702020049,122.23879158408744,50,Discover Weekly,discover_weekly,liked
liked_52,Liked Song 52,Artist 52,Liked Album 52,186757,,0.7734708363918286,2,-9.89698626931754,1,0.12701669809618776,0.3120423807804257,0.022817128164742462,0.22226605268575889,0.7667948201005863,116.07080269755554,47,Discover Weekly,release_radar,liked
liked_53,Liked Song 53,Artist 53,Liked Album 53,246996,0.5911746907338,0.7015864951214478,8,-7.903906063515334,1,0.11673034960214522,0.5452132280255232,0.20067590548057407,0.1552975747372548,0.753029708096412,128.30379467710938,76,Discover Weekly,release_radar,liked
liked_54,Liked Song 54,Artist 54,Liked Album 54,205583,0.6545753455447394,,4,-12.627244634807644,1,0.11929331785015512,0.3038452636722371,0.08784760328588337,0.27338873732780616,0.8971446711189364,127.5779101058083,63,Release Radar,discover_weekly,liked
liked_55,Liked Song 55,Artist 55,Liked Album 55,263370,0.6662190832590743,0.5848874316898082,9,-13.020759170556754,0,0.04860054981521916,0.8180108308916934,0.3968267518674125,0.1662469722831248,0.8499286543120084,134.06229561327436,48,Release Radar,release_radar,liked
liked_56,Liked Song 56,Artist 56,Liked Album 56,190774,,0.6660614141634079,2,-7.891216062232748,0,0.14789776875688515,0.48788709043485784,0.14521189185809508,0.028091809281417756,0.659167261320144,99.50884918176821,21,Release Radar,release_radar,liked
liked_57,Liked Song 57,Artist 57,Liked Album 57,172449,0.763146738751832,0.6748880052634444,7,-7.610306882738822,0,0.12283411441059147,0.7253572046829154,0.04176231453790058,0.04700773126976993,0.7072680059840606,157.98928720815388,51,Discover Weekly,discover_weekly,liked
liked_58,Liked Song 58,Artist 58,Liked Album 58,163062,0.6436757950581464,0.7463625093246546,1,-11.41896876372816,1,0.1153882355430706,0.5235020058523956,0.21579791952903027,0.2871628161672887,0.6644960265253443,89.37232763537239,37,Release Radar,discover_weekly,liked
liked_59,Liked Song 59,Artist 59,Liked Album 59,242385,0.5640456682283923,0.6312669442466565,4,-7.240737429215378,0,0.13181035917942202,0.06726287182210001,0.2984553761550017,0.254973521602295,0.8254157854469026,76.93479782529855,81,Discover Weekly,discover_weekly,liked
liked_60,Liked Song 60,Artist 60,Liked Album 60,187831,0.7825872189587564,0.6855697184065501,1,-13.996378471355479,1,0.14079156633305162,0.49706107553528217,0.12007790629415993,0.12465525837323056,0.7992492947395158,111.5760172926013,37,Discover Weekly,release_radar,liked
liked_61,Liked Song 61,Artist 61,Liked Album 61,206195,0.7189707027783414,0.793464735342833,2,-11.425613755972758,1,0.03163825651164497,0.03492425437699335,0.08364750062028042,0.17296209353604491,0.7754433421191809,92.93514307793876,24,Release Radar,release_radar,liked
liked_62,Liked Song 62,Artist 62,Liked Album 62,299081,0.5504926343436445,0.7043363253507233,8,-11.703646765048171,1,0.09432481750239116,0.1858647619540045,0.427617112985734,0.20260958039820842,0.7684774258218655,110.93619991196678,26,Discover Weekly,release_radar,liked
liked_63,Liked Song 63,Artist 63,Liked Album 63,244381,0.6003094832439724,0.8413483346959817,11,-5.100688555056726,0,0.03848128405929378,0.8860523993426102,0.2571411144405474,0.06667122617977936,0.6347046877182778,,56,Release Radar,release_radar,liked
liked_64,Liked Song 64,Artist 64,Liked Album 64,169786,0.7606159312611682,0.7403026738921752,10,-7.513584283406097,1,0.11467667203861437,0.5960821192285397,0.247198340245871,0.2551776686261218,0.7548151146409683,105.01666731562338,31,Release Radar,discover_weekly,liked
liked_65,Liked Song 65,Artist 65,Liked Album 65,174578,0.6810078004973692,0.7065528577119551,6,-10.838208314288796,0,0.10641922368246133,0.3590641735570928,0.21478934619345846,0.19593741774375548,0.740322176554248,98.08364185445912,51,Release Radar,discover_weekly,liked
liked_66,Liked Song 66,Artist 66,Liked Album 66,282642,0.6956932178368839,0.8000826330057678,1,-14.201996596677883,1,0.1283975541456705,0.21085150345723255,0.4904282534724791,0.060626771716825095,0.8145861385337447,149.92727870386165,81,Discover Weekly,release_radar,liked
liked_67,Liked Song 67,Artist 67,Liked Album 67,242910,,0.8005411197736444,1,-11.806328541980584,0,0.1384805605454048,0.7744008483638919,0.34123080206719314,0.09032555173093655,0.7494577032387941,,83,Discover Weekly,discover_weekly,liked
liked_68,Liked Song 68,Artist 68,Liked Album 68,299664,0.6243774616842555,0.7000894969911885,9,-12.682788428903702,0,0.1339967829528064,0.196623375171279,0.15872698632411036,0.17192447511630618,0.8141921103329961,116.32296321471317,85,Discover Weekly,discover_weekly,liked
liked_69,Liked Song 69,Artist 69,Liked Album 69,183786,0.8421339935877508,0.6487551094972124,0,-14.588824938994792,0,0.14345978175634386,0.13099937973364043,0.37120354668680294,0.13837272467640555,0.7021717770459411,72.65387751308614,22,Release Radar,release_radar,liked
liked_70,Liked Song 70,Artist 70,Liked Album 70,224132,0.7681298262223576,0.8139832719082183,10,-5.656492427299595,0,0.042246770270535056,0.30324205980652513,0.14548873832770504,0.12878240963794702,0.8314150243115119,71.33972124787961,26,Discover Weekly,release_radar,liked
liked_71,Liked Song 71,Artist 71,Liked Album 71,285897,0.7242048876543132,0.7135001334915674,10,-5.645640275682203,0,0.13770450449400845,0.8472900254314623,0.018390381632922503,0.21500708620843076,0.7169923108196499,97.02603884789495,33,Discover Weekly,discover_weekly,liked
liked_72,Liked Song 72,Artist 72,Liked Album 72,207954,0.5546115816413095,0.72566527477814,4,-7.366903575171731,1,0.13894475542933332,0.007547903774876119,0.2030914277476753,0.2592773402929455,0.6434943044739825,147.08373376484616,82,Discover Weekly,discover_weekly,liked
liked_73,Liked Song 73,Artist 73,Liked Album 73,264401,0.7889988032642368,0.697168969559254,1,-12.601403780896291,0,0.1253757978769665,0.817371860178621,0.1921899192462735,0.26113377695516415,0.7903294786085983,110.15711366878483,69,Discover Weekly,release_radar,liked
liked_74,Liked Song 74,Artist 74,Liked Album 74,234599,0.5939555445965675,0.8347021711898748,2,-10.413840549315463,1,0.07532884842545919,0.06089010806302405,0.13464962267296626,0.19164470290294547,0.6167646798274237,139.0232553626363,37,Discover Weekly,discover_weekly,liked
liked_75,Liked Song 75,Artist 75,Liked Album 75,151710,0.5619832532015211,0.787279046384075,1,-10.880019023467028,0,0.031192014952951985,0.21250606904342687,0.23125106734988654,0.0049145829715498525,0.8213986452812605,110.67767008873793,89,Discover Weekly,release_radar,liked
liked_76,Liked Song 76,Artist 76,Liked Album 76,298667,0.5654458937424633,0.6690873326014242,9,-12.57912688152351,1,0.13695200452908768,0.43979444963748804,0.10701792693789314,0.08836224666094837,0.679837487089378,108.1860595748547,27,Release Radar,discover_weekly,liked
liked_77,Liked Song 77,Artist 77,Liked Album 77,269325,0.8429269860536378,0.800077410612196,1,-11.769776202847826,0,0.08404252470797882,0.20679758355900668,0.11589552802383712,0.1549298043715933,0.7954410595491921,131.2519244979988,49,Discover Weekly,release_radar,liked
liked_78,Liked Song 78,Artist 78,Liked Album 78,231811,0.7243807902441275,0.7426750388309439,9,-9.883159597287577,1,0.051667129385312614,0.1895786373563022,0.11531203827128833,0.1298034258902512,0.771932722543816,81.73949533889993,86,Release Radar,release_radar,liked
liked_79,Liked Song 79,Artist 79,Liked Album 79,168673,0.6553002289135188,0.6946742098329683,4,-10.250415770581661,1,0.06771893487965867,0.14084825827865913,0.2809007079954386,0.08317904754303286,0.8098220194265533,157.45711308402633,72,Discover Weekly,release_radar,liked
liked_80,Liked Song 80,Artist 80,Liked Album 80,183043,0.7909437945220025,0.6721558758892113,7,-14.773861511053774,1,0.10736686576704112,0.45543984653849795,0.04136922629485362,0.29810501800150346,0.791745186927621,126.44337117867124,82,Discover Weekly,release_radar,liked
liked_81,Liked Song 81,Artist 81,Liked Album 81,241014,0.5799930427135386,0.6723367796091138,9,-14.30662085926686,1,0.11148928945043204,0.47907180930434307,0.41554458817827705,0.2424781618546156,0.6527078033522958,101.01678609862545,85,Discover Weekly,discover_weekly,liked
liked_82,Liked Song 82,Artist 82,Liked Album 82,236473,0.7854823637313929,0.8251282135534512,4,-12.400259713745168,0,0.1377676241197105,0.49679098449642045,0.07027127299483954,0.09236486893948144,0.6346080937131706,88.42713659651994,35,Release Radar,release_radar,liked
liked_83,Liked Song 83,Artist 83,Liked Album 83,185665,0.5716812847977315,0.5945826664112905,8,-8.900631808050246,1,0.03903000270049725,0.2717633134149116,0.48357087992465836,0.1537775317484257,0.8669704542232823,107.38067575845629,59,Discover Weekly,release_radar,liked
liked_84,Liked Song 84,Artist 84,Liked Album 84,151264,,0.5520484299178077,8,-7.59058084676703,0,0.08866789913042983,0.3187322081114895,0.19435548509253814,0.10190346167551503,0.8586883247654986,129.81481049232747,60,Discover Weekly,release_radar,liked
liked_85,Liked Song 85,Artist 85,Liked Album 85,293778,0.6972842584649335,0.6377430290818833,2,-10.128240797405702,0,0.08732752254441312,0.7413190601811567,0.1406813854452238,0.2832937112980279,0.8930386615162957,143.6455510971619,34,Release Radar,discover_weekly,liked
liked_86,Liked Song 86,Artist 86,Liked Album 86,241493,,0.6274225750651107,10,-6.306112231635327,0,0.08508021754359528,0.45064647035458094,0.1409648576950892,0.1935899677208991,0.7523883218914299,130.26220143313904,26,Discover Weekly,release_radar,liked
liked_87,Liked Song 87,Artist 87,Liked Album 87,208372,0.7803962911902527,0.6797203223589992,1,-8.822845152163213,0,0.05932369489103081,0.6759783164477514,0.2365959829299309,0.012766169998707876,0.888094553730768,107.39689964674474,61,Release Radar,release_radar,liked
liked_88,Liked Song 88,Artist 88,Liked Album 88,159123,0.6282972402868623,0.5983485422709107,6,-9.477778811681816,1,0.12745554465256387,0.0795752162587867,0.07055415526799419,0.24567115004744944,0.622237400261355,95.58863121870499,44,Discover Weekly,discover_weekly,liked
liked_89,Liked Song 89,Artist 89,Liked Album 89,250146,0.7898466574026134,0.5906714199316283,0,-7.936258355997187,1,0.11857508420456062,0.45429790116718954,0.4221794863521327,0.09878483057392937,0.7883622972775244,104.0863651864403,63,Discover Weekly,release_radar,liked
liked_90,Liked Song 90,Artist 90,Liked Album 90,292061,0.7185457922260813,0.7564292152941048,10,-12.677191791254273,1,0.06174835462269472,0.08062212754436836,0.47264624301490016,0.1026188466158062,0.8349564944917927,102.64102803514149,57,Discover Weekly,discover_weekly,liked
liked_91,Liked Song 91,Artist 91,Liked Album 91,156725,0.7501203152876492,0.7426409862760138,11,-7.463217344385818,1,0.14581523189417384,0.047189383447248844,0.19868885894189053,0.272958647632206,0.7838004543365223,123.87431144783054,60,Discover Weekly,discover_weekly,liked
liked_92,Liked Song 92,Artist 92,Liked Album 92,170723,0.7700576266739104,0.8003957782864719,6,-5.794225245887365,0,0.09718139467557128,0.3772809832369673,0.0022379471114752914,0.1371906441214567,0.7755759546664419,134.46913170047466,68,Release Radar,discover_weekly,liked
liked_93,Liked Song 93,Artist 93,Liked Album 93,292899,,,4,-6.128512163366214,1,0.06882607377554333,0.6779063723870374,0.09919638031153694,0.2285271457674931,0.8155987605401587,88.25210669702633,70,Release Radar,discover_weekly,liked
liked_94,Liked Song 94,Artist 94,Liked Album 94,176846,0.7111902986133651,0.6792497220354828,5,-5.292583732518635,1,0.11913343660326065,0.21183659786157205,0.20675727087545714,0.08952141157125768,0.6437102439275633,87.21622226443097,21,Release Radar,discover_weekly,liked
liked_95,Liked Song 95,Artist 95,Liked Album 95,198014,0.6166724818233901,0.5964587751352516,2,-6.575650125086346,1,0.13094992702544483,0.17799766879990878,0.4043891039704125,0.08376930481793732,0.7057802977052144,114.61937259814454,36,Discover Weekly,release_radar,liked
liked_96,Liked Song 96,Artist 96,Liked Album 96,167912,0.7391073364381766,0.6133670171400342,6,-12.379343780681914,1,0.06112125357363778,0.8194730574056468,0.045463386869399935,0.2816358455922889,0.7580054429236668,153.26630375596417,68,Discover Weekly,release_radar,liked
liked_97,Liked Song 97,Artist 97,Liked Album 97,182616,0.7717207285969381,0.731888524484418,3,-13.365041167679335,0,0.03949937301195563,0.33437554183040885,0.351994575637746,0.11631273993539494,,118.80711725792895,43,Release Radar,release_radar,liked
liked_98,Liked Song 98,Artist 98,Liked Album 98,270346,0.6250310075870871,0.7689097289756243,10,-5.473554196827349,1,0.10953302700022638,0.2855846365410678,0.031133305668633093,0.15594247543942705,0.8147108596820307,72.18855671491869,27,Release Radar,release_radar,liked
liked_99,Liked Song 99,Artist 99,Liked Album 99,205247,0.5736718657161672,0.79717111123344,10,-14.36273812929263,1,0.09205870100318711,0.10894365632970367,0.23826996996733735,0.18870529179087495,0.6928042757899668,150.9725021194679,61,Discover Weekly,discover_weekly,liked
liked_100,Liked Song 100,Artist 100,Liked Album 100,158130,0.7432750811686903,0.7140647012315209,5,-6.686885027411796,0,0.06416404497227847,0.34799767789513386,0.3251027286179595,0.15423745553666138,0.7572837232920439,92.15580599671978,90,Release Radar,discover_weekly,liked
neutral_1,Neutral Song 1,Artist 1,Neutral Album 1,164524,0.6419667086875217,0.5929455284852574,2,-8.796872228638755,1,0.11050540772729915,0.486717875933902,0.2189276154388694,0.19222507321918883,0.3514233128047686,143.50197430662567,78,Release Radar,release_radar,neutral
neutral_2,Neutral Song 2,Artist 2,Neutral Album 2,233408,0.5007205606876878,0.3515290509843974,6,-9.975706100633362,1,0.11309896448959215,0.35020326274574354,0.2501841440372828,0.25149183640493483,0.523051965203028,81.2332610875074,46,Release Radar,release_radar,neutral
neutral_3,Neutral Song 3,Artist 3,Neutral Album 3,207682,0.3940422384949138,0.5259333373925594,3,-10.01211572156157,1,0.11300491613431067,0.8232324617893073,0.30871423536461934,0.17412372342662213,0.6444283113233646,129.683826390084,33,Discover Weekly,release_radar,neutral
neutral_4,Neutral Song 4,Artist 4,Neutral Album 4,151055,0.5376087291145888,0.585799667172101,7,-7.910640742217012,0,0.0451696592018403,0.30903242238578144,0.10099357548542082,0.15522052428100663,0.48044328905555544,108.46659161768491,32,Discover Weekly,release_radar,neutral
neutral_5,Neutral Song 5,Artist 5,Neutral Album 5,289879,0.43725193860111955,0.5829260499567339,5,-10.080102443166155,0,0.05786174418008412,0.5076835992279163,0.2011237562291736,0.09530442868160346,0.6494546318461126,106.29298456501746,31,Discover Weekly,release_radar,neutral
neutral_6,Neutral Song 6,Artist 6,Neutral Album 6,234567,0.622331538382887,0.39454012561043916,4,-5.641675883520898,0,0.07011088530282765,0.5781712962715052,0.34378881020821866,0.07787601722291372,0.614424009587651,139.65967191655335,68,Discover Weekly,discover_weekly,neutral
neutral_7,Neutral Song 7,Artist 7,Neutral Album 7,202456,0.39699718394978806,0.44506732623495215,7,-10.932559349679973,1,0.0805186907116381,0.8861119951610805,0.34224968468367745,0.099373755503476,0.646029701260588,128.79384558381008,47,Release Radar,discover_weekly,neutral
neutral_8,Neutral Song 8,Artist 8,Neutral Album 8,298319,0.4534935638373664,0.6322077730146789,8,-12.713893163964025,0,0.03872702319543788,0.8270515383768301,0.42942737630080885,0.1809759307327693,0.5385642662904295,,81,Discover Weekly,discover_weekly,neutral
neutral_9,Neutral Song 9,Artist 9,Neutral Album 9,167848,0.527567809843076,0.6496683287102332,5,-14.90834880676471,1,0.0732111502236353,0.8531951324122065,0.45595209398569864,0.16582501842954386,0.5905670169668991,125.78992788360307,39,Discover Weekly,release_radar,neutral
neutral_10,Neutral Song 10,Artist 10,Neutral Album 10,252804,0.6145236584801615,0.4583854677365953,3,-12.37473234203825,0,0.06573269744671284,0.2786645661875769,0.14821511856897268,0.21051247733549253,0.5212739771284776,117.39903078846297,61,Discover Weekly,discover_weekly,neutral
neutral_11,Neutral Song 11,Artist 11,Neutral Album 11,225694,0.4705124080797216,0.5752500983118333,8,-8.162203791878841,1,0.14387991624070565,0.03910690135734446,0.3192889731626868,0.08720083327001624,0.3520148962485311,86.69692135549778,64,Discover Weekly,discover_weekly,neutral
neutral_12,Neutral Song 12,Artist 12,Neutral Album 12,290414,0.42297337260276685,0.46611017644208197,9,-11.54239785344049,1,0.08120231299059234,0.49014308100835213,0.37330114345292176,0.2944090862907638,0.5346375314148077,,61,Release Radar,discover_weekly,neutral
neutral_13,Neutral Song 13,Artist 13,Neutral Album 13,264424,0.42011267451736023,0.4801189432297003,6,-13.340620181858416,1,0.03189438648243874,0.14630482720186835,0.041756051356277135,0.09323240801254169,0.5309965690544907,138.6059358722945,68,Discover Weekly,release_radar,neutral
neutral_14,Neutral Song 14,Artist 14,Neutral Album 14,281894,0.5358714561963338,0.6343999557879865,10,-11.305086327881664,1,0.0880458431626594,0.18405290821424414,0.30702557589020907,0.17834120773081802,,76.35882020225618,55,Release Radar,discover_weekly,neutral
neutral_15,Neutral Song 15,Artist 15,Neutral Album 15,213486,0.45430884829026197,0.5802922822027481,4,-6.256319734258973,1,0.06858495198560802,0.02776473728795772,0.08981757165760457,0.2083224761789315,0.4031550692013187,,52,Release Radar,discover_weekly,neutral
neutral_16,Neutral Song 16,Artist 16,Neutral Album 16,270182,0.5491286163880502,0.6144521550414493,8,-6.897273314765059,0,0.03299420905442063,0.033076477259848004,0.008426585258890285,0.20836384976725167,0.3544926572498168,131.33966040681153,51,Discover Weekly,discover_weekly,neutral
neutral_17,Neutral Song 17,Artist 17,Neutral Album 17,169442,0.5412060720441647,0.3687908045736815,11,-12.858228410193515,1,0.05305292529062503,0.8550792070387033,0.4095189244795126,0.1591115105008718,0.4493272781330653,101.89704886375631,60,Release Radar,release_radar,neutral
neutral_18,Neutral Song 18,Artist 18,Neutral Album 18,237011,0.5231274170004091,0.4236130521072097,7,-11.310082921743625,0,0.10937170348788632,0.02814950091709716,0.3011580320052541,0.18699400819277173,0.591836067448267,123.96593938808805,22,Release Radar,release_radar,neutral
neutral_19,Neutral Song 19,Artist 19,Neutral Album 19,299374,0.613664110347411,0.45061268971580865,1,-14.626149552967487,1,0.13794423180579868,0.25656251372241573,0.10283972353276544,0.23885672041914538,0.473673978835989,105.84934837898079,83,Release Radar,release_radar,neutral
neutral_20,Neutral Song 20,Artist 20,Neutral Album 20,186758,0.5334331074132017,0.5831924588555961,4,-10.250491640756238,1,0.07308500945315294,0.27688810235531686,0.012679508737713063,0.28183356140805293,0.5181939494953761,101.76060040320628,66,Discover Weekly,release_radar,neutral
neutral_21,Neutral Song 21,Artist 21,Neutral Album 21,251065,,0.4862453557721949,2,-11.126567276571864,0,0.13690114332387282,0.004349631344516181,0.30308514480713616,0.21354291726245964,0.631018923726488,134.022858273196,85,Release Radar,discover_weekly,neutral
neutral_22,Neutral Song 22,Artist 22,Neutral Album 22,217489,0.521773986074261,0.500906130495077,11,-14.71178984937119,1,0.04734900197169668,0.46608109072670967,0.0324459197523802,0.21667991168027884,,155.91679332752716,39,Release Radar,discover_weekly,neutral
neutral_23,Neutral Song 23,Artist 23,Neutral Album 23,152377,0.6385217902604593,0.3727554771485537,0,-7.727267330436981,0,0.08769025994151139,0.08062867118160742,0.15907981031588675,0.23986834597036702,0.6048801824078942,,81,Discover Weekly,discover_weekly,neutral
neutral_24,Neutral Song 24,Artist 24,Neutral Album 24,193248,0.37308797150989614,0.5029866104729666,0,-6.870530847479747,1,0.0890748690508423,0.49049245296354405,0.2145484089280077,0.11012323966283093,0.507627595938176,,25,Discover Weekly,release_radar,neutral
neutral_25,Neutral Song 25,Artist 25,Neutral Album 25,247732,0.5247932170129852,0.5229731086668197,9,-6.894858171436033,0,0.0706293138161391,0.0009536338539198997,0.061840138649221665,0.16340348023126708,0.6026642525708654,110.01280987217521,88,Discover Weekly,discover_weekly,neutral
neutral_26,Neutral Song 26,Artist 26,Neutral Album 26,169893,,0.3669698247811397,11,-9.504743419095494,0,0.11335719388338053,0.3400786374072908,0.4713798915035051,0.23261123675126982,,125.53008419472454,49,Release Radar,release_radar,neutral
neutral_27,Neutral Song 27,Artist 27,Neutral Album 27,216202,0.5994197745746879,0.6313371138081549,10,-9.185827489511802,0,0.12652286977514782,0.710347800477764,0.25834213846595155,3.1645509011613e-05,0.3714238268510958,92.22273616223333,64,Discover Weekly,release_radar,neutral
neutral_28,Neutral Song 28,Artist 28,Neutral Album 28,152629,0.5886557886959997,0.35857118885964256,1,-9.861973986622791,1,0.12856354045203888,0.41234255599245206,0.06765317253022513,0.047516679321379984,0.377670305251555,140.1436720052932,23,Discover Weekly,discover_weekly,neutral
neutral_29,Neutral Song 29,Artist 29,Neutral Album 29,261457,0.38435536175614676,0.6155504984971364,1,-7.036521908124622,0,0.07573547882575259,0.0288418799049427,0.48973519928680553,0.2822900387349181,0.5709332868242916,89.8163947870639,26,Release Radar,discover_weekly,neutral
neutral_30,Neutral Song 30,Artist 30,Neutral Album 30,215771,,0.41929429564681014,8,-13.374476007112904,0,0.12992168003759874,0.5568201111084203,0.10075663541861102,0.27851170497038535,0.5450123834396743,100.30658635956608,61,Release Radar,discover_weekly,neutral
neutral_31,Neutral Song 31,Artist 31,Neutral Album 31,158993,0.43018756540208036,0.6246009980152245,10,-9.517370576035212,1,0.04925965575254152,0.50352844624834,0.48244132149280355,0.05451644142735929,,78.07421769656102,80,Release Radar,discover_weekly,neutral
neutral_32,Neutral Song 32,Artist 32,Neutral Album 32,277826,0.37035540631559805,0.6017439517056417,11,-10.58381222676528,0,0.044197643878890684,0.15831351460253645,0.3480083674735908,0.204207458172507,0.49929255760300356,150.18732960329302,52,Discover Weekly,discover_weekly,neutral
neutral_33,Neutral Song 33,Artist 33,Neutral Album 33,230361,0.577864679146843,0.5126990433802623,10,-12.773970808972717,0,0.11686328359144732,0.7475963689552759,0.49792189264205305,0.13127843348142829,0.5939949384700749,130.2314397499299,40,Release Radar,discover_weekly,neutral
neutral_34,Neutral Song 34,Artist 34,Neutral Album 34,228243,0.4031394131304923,0.6028546367229952,6,-14.052736115432685,0,0.11630164863710597,0.6370430825026024,0.05308093432827177,0.008712742782092818,0.5624461270664795,128.20787512799615,56,Discover Weekly,discover_weekly,neutral
neutral_35,Neutral Song 35,Artist 35,Neutral Album 35,179191,0.5470379831916741,0.43347526338253767,6,-14.343267077880345,0,0.1435963264715475,0.6721817172913291,0.3489393189537278,0.1483609957200945,0.512472698623238,111.88871438295193,85,Discover Weekly,discover_weekly,neutral
neutral_36,Neutral Song 36,Artist 36,Neutral Album 36,158900,0.5429184920927833,0.45114486851164287,3,-9.206637246722023,0,0.11340793667167097,0.4207784712224188,0.23977660535272072,0.2276482112456382,0.3632834183646444,100.99756800598838,90,Release Radar,discover_weekly,neutral
neutral_37,Neutral Song 37,Artist 37,Neutral Album 37,182201,0.40082465064684075,0.587909418124905,4,-12.897688551717346,0,0.11784532144918955,0.39742924710004446,0.024136068956948364,0.25124667731595535,0.6169662235321254,128.66117380217642,47,Discover Weekly,discover_weekly,neutral
neutral_38,Neutral Song 38,Artist 38,Neutral Album 38,252265,0.5777946735435519,0.39499813714890386,11,-14.145341198894602,0,0.10909972571752098,0.6144815495009686,0.2837640170196017,0.2941143582187037,0.44179858499948554,95.88790827812994,28,Release Radar,discover_weekly,neutral
neutral_39,Neutral Song 39,Artist 39,Neutral Album 39,162460,0.4517918891968,0.5909726991029516,5,-14.005029132478832,0,0.04146082041734075,0.577481596773175,0.2681705730385011,0.19165370312080335,0.4768535745472005,91.94796824211902,62,Discover Weekly,discover_weekly,neutral
neutral_40,Neutral Song 40,Artist 40,Neutral Album 40,159964,,0.6016400867485164,4,-14.987871974177299,1,0.08084732373243415,0.5846714838816436,0.4523280033345384,0.10941014637955272,0.4017561434466756,97.54597345826622,29,Release Radar,release_radar,neutral
neutral_41,Neutral Song 41,Artist 41,Neutral Album 41,281642,0.6295262022271082,0.3533739087502151,1,-5.230981039034827,0,0.11930946426718973,0.8301812085238757,0.028126638778811552,0.004347076388974147,0.5844848073564483,135.81018086167006,56,Discover Weekly,release_radar,neutral
neutral_42,Neutral Song 42,Artist 42,Neutral Album 42,273353,0.6339586718358613,0.5612036887227454,3,-12.995854661940163,1,0.10270853837640781,0.20347651649063125,0.3223923058325056,0.20813937376771255,0.4929240228113503,119.02786335729624,65,Discover Weekly,release_radar,neutral
neutral_43,Neutral Song 43,Artist 43,Neutral Album 43,272160,0.46289008276650534,0.426802927035548,6,-10.25394165452941,0,0.08200166746236462,0.43311989526151207,0.38472291929784974,0.18238793924473695,0.481490129849617,107.75218543707479,39,Discover Weekly,release_radar,neutral
neutral_44,Neutral Song 44,Artist 44,Neutral Album 44,284777,0.5036000831441666,0.3627559507751756,1,-9.914044635262771,1,0.08003413066774989,0.09197040608699773,0.4388118628156842,0.24521196973360312,0.5285740222765142,83.63025905147931,23,Discover Weekly,release_radar,neutral
neutral_45,Neutral Song 45,Artist 45,Neutral Album 45,242156,0.4791686045360692,0.6451671507980079,1,-11.980588785113017,0,0.08981487302123535,0.25585424072123214,0.10527651966900059,0.13665776327009774,0.5011338712931066,99.17012181317654,76,Discover Weekly,discover_weekly,neutral
neutral_46,Neutral Song 46,Artist 46,Neutral Album 46,269328,0.5323647686694477,0.4167265890333619,2,-11.715749457824717,0,0.07360449150844492,0.442790927472395,0.38987220238055426,0.2668966002354693,0.40638946460173486,150.3205424443932,50,Discover Weekly,release_radar,neutral
neutral_47,Neutral Song 47,Artist 47,Neutral Album 47,204108,0.44721979601780254,0.5969356924323189,7,-13.68513183670893,0,0.1259812544433905,0.36215280555315843,0.09861530767920362,0.08963813046470022,0.582619169392903,149.5278473502297,61,Discover Weekly,release_radar,neutral
neutral_48,Neutral Song 48,Artist 48,Neutral Album 48,182439,0.6208875683407299,0.36842081192922294,3,-13.919371994870765,1,0.08808492331110573,0.19731644262538825,0.4309683991091677,0.08677152215206649,0.41377534717386666,145.15405272339711,54,Discover Weekly,discover_weekly,neutral
neutral_49,Neutral Song 49,Artist 49,Neutral Album 49,285644,0.4143480596767737,0.6009869477579344,6,-10.788951110765067,1,0.12337309821617629,0.09603742508755692,0.39643742313718977,0.22362203948095336,0.5818631913017341,148.4316281846244,59,Discover Weekly,release_radar,neutral
neutral_50,Neutral Song 50,Artist 50,Neutral Album 50,242508,0.4042167998673207,0.5790716362656793,0,-10.090280696807644,1,0.14543664590952157,0.581649572161447,0.33614196131540225,0.18663651893207578,0.6274820483300305,106.85408257089048,21,Discover Weekly,discover_weekly,neutral
neutral_51,Neutral Song 51,Artist 51,Neutral Album 51,167312,,0.4648845044598846,2,-9.47285585315106,1,0.030147973277396933,0.513778812628658,0.16191923913714873,0.08146495984042786,0.41878971191422887,127.65767354944526,58,Discover Weekly,release_radar,neutral
neutral_52,Neutral Song 52,Artist 52,Neutral Album 52,248000,0.35798283746535986,0.36199784908024635,8,-11.866635391220672,1,0.09407487795983155,0.6720104360656054,0.3420608309454985,0.03646836548964825,0.46526166176242156,125.70788989976454,21,Discover Weekly,discover_weekly,neutral
neutral_53,Neutral Song 53,Artist 53,Neutral Album 53,296217,0.39828626033450554,0.36155208833576735,11,-13.62440293767609,0,0.08473091348266798,0.23951462928133802,0.027351331792522804,0.1943119781795599,0.4421481165440166,131.3925916860764,87,Discover Weekly,discover_weekly,neutral
neutral_54,Neutral Song 54,Artist 54,Neutral Album 54,215678,0.5797838198839737,0.44919025570329246,4,-10.147471751697609,1,0.06162772891278978,0.18654172575979072,0.3150387263087606,0.15210785050928644,0.6370493356529486,157.21694709895337,40,Release Radar,discover_weekly,neutral
neutral_55,Neutral Song 55,Artist 55,Neutral Album 55,187444,0.6267725360141705,0.5623467444180315,10,-5.202274058476933,1,0.12405897272056565,0.3451575347733426,0.11843582933251295,0.24856162592047415,0.5730831679714261,122.32797247440982,84,Release Radar,release_radar,neutral
neutral_56,Neutral Song 56,Artist 56,Neutral Album 56,189442,0.514910129396446,0.3613707227756331,2,-12.717028424163114,1,0.14155081411178277,0.18692164619838633,0.3924958917685625,0.029880524363672688,0.6290597448731603,121.93599557740646,29,Discover Weekly,discover_weekly,neutral
neutral_57,Neutral Song 57,Artist 57,Neutral Album 57,242120,0.6447901797403475,0.6492546025543284,9,-5.269106530323755,0,0.0866079459212255,0.3657600254418589,0.3638511395865493,0.25422762750971456,0.5868571806193111,146.55028498998456,21,Discover Weekly,discover_weekly,neutral
neutral_58,Neutral Song 58,Artist 58,Neutral Album 58,264656,0.4047868067747469,0.45770584493420563,6,-14.198456810129727,1,0.13567839804532045,0.24432374768755286,0.08397124808486695,0.1915040255383165,0.4551377532529228,97.71768873482418,45,Discover Weekly,release_radar,neutral
neutral_59,Neutral Song 59,Artist 59,Neutral Album 59,289051,0.5744280983314616,0.6272759916381462,4,-10.301572255328555,1,0.08653112237916487,0.860667477772205,0.30862707641786064,0.1094773450530286,0.5523281718529643,82.15435712826263,37,Discover Weekly,release_radar,neutral
neutral_60,Neutral Song 60,Artist 60,Neutral Album 60,289743,0.6253349258182807,0.5428152824160837,7,-11.68794919072254,1,0.11535241264842316,0.20369732592796586,0.4007939807942606,0.243646497947724,,111.51494659024452,73,Release Radar,release_radar,neutral
neutral_61,Neutral Song 61,Artist 61,Neutral Album 61,219215,0.6022433735467925,0.5452723583744505,1,-14.439763538033786,1,0.04254081907373841,0.738025627729556,0.4588555700091115,0.041284402409593156,0.37964314306181934,144.11518984096,61,Discover Weekly,discover_weekly,neutral
neutral_62,Neutral Song 62,Artist 62,Neutral Album 62,162887,0.6033423311854081,,7,-7.07756701174243,0,0.04836165236133328,0.11327879041649716,0.21897915017729946,0.15716272521911598,0.35788545950989936,84.41172682746269,80,Discover Weekly,discover_weekly,neutral
neutral_63,Neutral Song 63,Artist 63,Neutral Album 63,255730,0.5813765128619424,0.54319896398592,10,-11.950423636105452,0,0.045164937901835886,0.7884515476745121,0.07412719522333311,0.196824926582441,0.49002377617239046,92.1036958081219,21,Release Radar,discover_weekly,neutral
neutral_64,Neutral Song 64,Artist 64,Neutral Album 64,181731,0.602306387206017,0.5330178377771901,9,-14.660113332426036,0,0.07300708933904937,0.26758797855052063,0.29339550763659755,0.2963977329897713,0.5770813812428848,113.6511727956071,40,Discover Weekly,discover_weekly,neutral
neutral_65,Neutral Song 65,Artist 65,Neutral Album 65,268722,0.39803777481654634,0.4867909785248981,7,-11.920626854057861,0,0.032736604179897225,0.6018925151046475,0.15177705334658342,0.041179518611146146,,,79,Discover Weekly,release_radar,neutral
neutral_66,Neutral Song 66,Artist 66,Neutral Album 66,220629,0.40707251565557284,0.5527923222989464,11,-5.382660557018923,0,0.1499895971185737,0.04676331208075094,0.4653521696456726,0.1619035035554714,,114.38754137080628,40,Discover Weekly,release_radar,neutral
neutral_67,Neutral Song 67,Artist 67,Neutral Album 67,291510,0.47349951612331687,0.526633790376881,7,-10.27096828196639,1,0.11772343461971653,0.8599822584093141,0.14308228688328117,0.07407982250506025,0.4573523141175741,150.1251752114121,36,Discover Weekly,release_radar,neutral
neutral_68,Neutral Song 68,Artist 68,Neutral Album 68,225526,0.6057507896294587,0.6434343220234359,6,-12.84426400505618,1,0.09346705723173221,0.6726158180618456,0.21247937392422267,0.1992036710151547,0.5287319640907737,113.66486519297582,31,Discover Weekly,release_radar,neutral
neutral_69,Neutral Song 69,Artist 69,Neutral Album 69,204668,0.5661034591072754,0.44609299218831544,4,-6.282490709218116,0,0.08038534065471428,0.08375277932242041,0.15697618918124412,0.1790439178399122,0.4436737765856788,139.0633041293081,87,Release Radar,discover_weekly,neutral
neutral_70,Neutral Song 70,Artist 70,Neutral Album 70,298539,0.4857717918074713,0.5036976043568444,10,-14.282541185501195,0,0.09232263263799068,0.688924478796343,0.2644821126834773,0.045928474349583866,0.3812289906886563,149.9175535378675,35,Discover Weekly,release_radar,neutral
neutral_71,Neutral Song 71,Artist 71,Neutral Album 71,239679,0.4270074707941672,0.607113715489777,5,-10.08875226753447,0,0.0990275157948398,0.7606784118338,0.11630809121065988,0.23715271739464067,0.48966296466179193,141.71434874439086,37,Release Radar,discover_weekly,neutral
neutral_72,Neutral Song 72,Artist 72,Neutral Album 72,177435,0.36864819197087795,0.5587974486114583,9,-12.754975764162367,0,0.12177711491629326,0.8362487697456291,0.35940952274546034,0.28623038611850343,0.5507455247458339,114.9993708028033,27,Discover Weekly,release_radar,neutral
neutral_73,Neutral Song 73,Artist 73,Neutral Album 73,210871,0.5513900559830288,0.3715407870765278,5,-8.390285712521173,0,0.06975793478292108,0.1161440610043051,0.3292185137836527,0.2868498450499239,0.4252719343601595,141.7898320681295,55,Release Radar,discover_weekly,neutral
neutral_74,Neutral Song 74,Artist 74,Neutral Album 74,166290,0.5371461696186505,0.6060045050635456,10,-6.185099003302211,0,0.13753724926363947,0.8418050010934747,0.006313441680239951,0.03295046069167218,0.513222305927027,101.04541913666235,83,Release Radar,discover_weekly,neutral
neutral_75,Neutral Song 75,Artist 75,Neutral Album 75,161515,0.5139301141253277,0.500142744455459,2,-9.745257647116059,0,0.123234167573162,0.4618723372844166,0.2617430995223113,0.07148016877084341,0.6206947589000659,93.79313412571788,73,Discover Weekly,discover_weekly,neutral
neutral_76,Neutral Song 76,Artist 76,Neutral Album 76,296822,0.42973949233432,0.382157620437527,10,-12.09801304902783,1,0.03933653892345562,0.5677771898411115,0.26083156261808577,0.29265119268751666,,77.89981725085426,27,Release Radar,release_radar,neutral
neutral_77,Neutral Song 77,Artist 77,Neutral Album 77,226572,0.5139960381078035,0.5078282407916099,7,-11.899126281124872,1,0.13099162889135527,0.8126898880207412,0.06705818373536976,0.09420451627959715,0.541520416693787,117.93702488275483,41,Release Radar,release_radar,neutral
neutral_78,Neutral Song 78,Artist 78,Neutral Album 78,296818,0.47370938214855035,0.44024033542901614,2,-8.66127784293042,0,0.04477217547952523,0.35385298691588063,0.4145403965893651,0.2551882028090911,0.4223544513053424,96.92994223188828,35,Discover Weekly,discover_weekly,neutral
neutral_79,Neutral Song 79,Artist 79,Neutral Album 79,292532,0.504397435211698,0.5405139768148973,11,-12.74867684345264,1,0.11625409267028511,0.8308412200092573,0.42790276424178897,0.26913725742468125,0.4348887146114589,,30,Discover Weekly,discover_weekly,neutral
neutral_80,Neutral Song 80,Artist 80,Neutral Album 80,290599,0.44549817436717004,0.5356072478400656,9,-6.522335089064864,1,0.07542982876301617,0.061772115623974,0.22082118782142285,0.03321571831897354,0.4988921940445672,145.63811366956338,35,Discover Weekly,release_radar,neutral
neutral_81,Neutral Song 81,Artist 81,Neutral Album 81,185347,0.6498388005022502,0.35836630690243426,10,-8.925400301865245,1,0.04011967636144538,0.6686331205310408,0.0586884927139506,0.05696461940822079,0.4764437176162684,73.36537290233423,81,Release Radar,release_radar,neutral
neutral_82,Neutral Song 82,Artist 82,Neutral Album 82,280752,0.40698398511629497,0.38506534884778076,7,-9.062687957200072,0,0.09159909850646465,0.17848011540191583,0.01866769995296269,0.18280112796042208,0.5259651277761739,142.92591909511748,85,Discover Weekly,discover_weekly,neutral
neutral_83,Neutral Song 83,Artist 83,Neutral Album 83,256050,0.6428879110424205,0.6088592147897066,8,-12.196326087881385,0,0.03902395820073478,0.18054784392851234,0.3128997108368494,0.19924935294166846,0.6496103866828877,131.5842894604827,31,Discover Weekly,discover_weekly,neutral
neutral_84,Neutral Song 84,Artist 84,Neutral Album 84,197317,0.6097439674550127,0.5783450344388367,4,-7.327125782373867,0,0.036951165752881245,0.8151356388890911,0.4385046427562759,0.09230341330723968,,116.93643347047234,79,Release Radar,discover_weekly,neutral
neutral_85,Neutral Song 85,Artist 85,Neutral Album 85,266595,0.5508985412201933,0.6294611922125904,4,-13.209522482518416,0,0.1345003017433984,0.14440187090504175,0.2296245929021692,0.016704668424769985,,81.8036603217852,79,Release Radar,release_radar,neutral
neutral_86,Neutral Song 86,Artist 86,Neutral Album 86,248948,0.49787639635439207,,11,-8.312418462802128,1,0.08559276102026295,0.2789400242564827,0.29077555479725925,0.05707848130436259,0.6448063231418864,84.30665631976488,59,Discover Weekly,release_radar,neutral
neutral_87,Neutral Song 87,Artist 87,Neutral Album 87,243480,,0.5304430981647673,6,-14.594267578140164,1,0.1255029267404112,0.8304041079260831,0.45281934989640465,0.011069726621748011,0.592197739554831,87.51535413046483,58,Release Radar,release_radar,neutral
neutral_88,Neutral Song 88,Artist 88,Neutral Album 88,189752,0.3565765991209761,0.37006307787703174,9,-9.866271078487166,0,0.0651293822726551,0.7348813558059897,0.481358379298452,0.060354752462697524,0.5288385870468598,72.10865814952531,55,Discover Weekly,release_radar,neutral
neutral_89,Neutral Song 89,Artist 89,Neutral Album 89,211956,0.6237664281755192,0.6138578577071524,3,-5.95820472812558,1,0.09923555154559523,0.7418080644368267,0.4839085488056982,0.28546309961162375,0.5218235360749616,113.55944879644474,58,Discover Weekly,discover_weekly,neutral
neutral_90,Neutral Song 90,Artist 90,Neutral Album 90,259838,0.40362504480736805,0.6132759795170757,3,-10.67293043626633,0,0.11004349970250833,0.1839055833070987,0.3917372700891916,0.2068704221576893,0.3714045838648308,136.8565436431845,52,Release Radar,discover_weekly,neutral
neutral_91,Neutral Song 91,Artist 91,Neutral Album 91,188424,0.4247007122180163,0.5980609738968439,7,-6.620503568286354,1,0.13268956759687184,0.7632435023132724,0.16533653826520844,0.15755113625196224,0.41760191233552907,122.12708813228943,47,Discover Weekly,release_radar,neutral
neutral_92,Neutral Song 92,Artist 92,Neutral Album 92,163272,0.5121219025077827,0.6433278950498151,0,-10.638077922024609,1,0.11071224304790518,0.18095972958035877,0.08296678241004085,0.095672156380554,0.4380154837904782,156.28666205514756,74,Release Radar,release_radar,neutral
neutral_93,Neutral Song 93,Artist 93,Neutral Album 93,284275,0.587985132718233,,6,-12.042251746274165,1,0.120653788539503,0.21863837169928466,0.07560844461732857,0.24363275080598293,0.5965099748033816,91.74748730824605,54,Release Radar,release_radar,neutral
neutral_94,Neutral Song 94,Artist 94,Neutral Album 94,235397,,0.563556108509748,9,-9.647733956284913,1,0.11913797215014146,0.6577759406535804,0.07607865150926862,0.06744240756635637,0.43034591434667213,139.05685181141843,60,Discover Weekly,discover_weekly,neutral
neutral_95,Neutral Song 95,Artist 95,Neutral Album 95,223287,0.40359659147650084,0.5972828556949114,8,-6.117755725182409,1,0.08402225218515108,0.5624482010174876,0.17279448473711734,0.2876712673557129,0.5841449070210418,132.28889381914908,88,Discover Weekly,release_radar,neutral
neutral_96,Neutral Song 96,Artist 96,Neutral Album 96,233713,0.5345902499446076,0.3510365685876158,7,-6.365677649084176,0,0.1120381419835297,0.3607520163612839,0.2513803876339202,0.02348467940918145,0.5414954647521838,87.77616270094882,71,Release Radar,release_radar,neutral
neutral_97,Neutral Song 97,Artist 97,Neutral Album 97,203171,0.3551965588688657,0.3559075520526953,11,-9.290272756452982,1,0.05273274455625057,0.2708501848341379,0.3633123446408908,0.27812707498397915,0.5203786151926998,151.91039312652174,84,Discover Weekly,discover_weekly,neutral
neutral_98,Neutral Song 98,Artist 98,Neutral Album 98,260151,0.48639824212462324,,4,-6.850285063533985,0,0.067900590326471,0.8643166124892034,0.2727931026164832,0.146047112877582,0.5452244524554072,78.08168185984535,81,Release Radar,discover_weekly,neutral
neutral_99,Neutral Song 99,Artist 99,Neutral Album 99,179718,0.5008883619156603,0.6201805676201659,5,-9.196857598245424,0,0.06562457610634162,0.1845478451129277,0.4665844443609428,0.20021556431051604,0.586985033740393,124.69056243408426,40,Release Radar,discover_weekly,neutral
neutral_100,Neutral Song 100,Artist 100,Neutral Album 100,242440,0.3765512705227143,,4,-13.396607262045636,1,0.09465104083244591,0.724400427106226,0.31831318372899176,0.20751089010044313,0.43643302878626605,105.66963473129601,26,Release Radar,discover_weekly,neutral
disliked_1,Disliked Song 1,Artist 1,Disliked Album 1,191599,0.3169552113197104,0.45105739924292826,9,-6.1783323078256025,1,0.14858430564628747,0.70949549213673,0.4270434570817115,0.09226829025228596,0.3681246873414281,126.46626249842535,74,Release Radar,discover_weekly,disliked
disliked_2,Disliked Song 2,Artist 2,Disliked Album 2,224230,0.3647320281018643,0.4003319350406325,1,-6.3381946262057,0,0.06767441609635694,0.7355252922875128,0.09817633145396337,0.19204768884017168,0.3082972058319373,90.46949278363131,84,Discover Weekly,release_radar,disliked
disliked_3,Disliked Song 3,Artist 3,Disliked Album 3,293600,,0.4646145260545792,1,-7.522645397346402,1,0.14407543419566074,0.10836430356906278,0.4974307187101004,0.0942698576991932,0.3236732789782223,141.04145438137397,40,Discover Weekly,discover_weekly,disliked
disliked_4,Disliked Song 4,Artist 4,Disliked Album 4,237959,0.3168133647043862,0.3348555766695632,8,-6.945315675146615,0,0.03242432163596847,0.004324643707618559,0.41853948820243375,0.2746412051439676,0.2077476805771556,80.6755295690287,67,Release Radar,discover_weekly,disliked
disliked_5,Disliked Song 5,Artist 5,Disliked Album 5,263725,0.23288416679015728,0.4839456014869167,11,-7.3660970891027455,0,0.12077676177816932,0.5524240564420861,0.24063218290018984,0.24233852866714425,0.15722143146191284,140.07692674905155,78,Release Radar,release_radar,disliked
disliked_6,Disliked Song 6,Artist 6,Disliked Album 6,262491,0.4345086326941022,0.4533579167861911,11,-11.548242496947335,0,0.05435542877068199,0.7062824774544719,0.2241502614505398,0.274244743662651,0.1708324808250372,138.44771168327108,45,Release Radar,discover_weekly,disliked
disliked_7,Disliked Song 7,Artist 7,Disliked Album 7,287412,0.26675917144688277,0.2547660336985387,3,-9.300889249866621,0,0.07180886077356144,0.1714508792651692,0.40764073569108067,0.04201406293216404,0.19273288281286383,153.8783302980679,45,Discover Weekly,release_radar,disliked
disliked_8,Disliked Song 8,Artist 8,Disliked Album 8,169080,0.4707841662446175,0.3173369777889678,8,-10.465533009106702,0,0.06611844819120816,0.6820753008641208,0.0034606271672827926,0.18142215176281637,0.15605395789536688,135.24280356987498,85,Discover Weekly,release_radar,disliked
disliked_9,Disliked Song 9,Artist 9,Disliked Album 9,273672,0.4591238399484068,0.502865647576603,2,-12.128645009483082,1,0.047181204059300805,0.04968802538666855,0.1862893826021993,0.24606910683034447,0.3683509859160236,128.36104775186695,36,Release Radar,release_radar,disliked
disliked_10,Disliked Song 10,Artist 10,Disliked Album 10,268873,0.4761304036611522,0.48742322663021487,5,-10.104130308540135,0,0.115379179473874,0.8403676608359103,0.3746111117018882,0.1084561123201115,0.26937976061561175,135.4830184263389,73,Discover Weekly,discover_weekly,disliked
disliked_11,Disliked Song 11,Artist 11,Disliked Album 11,275390,0.34037719799596905,0.4986790498292991,5,-8.080582421948462,0,0.0868350948681346,0.5581189574715062,0.3217294185653722,0.16858266759515772,0.2754049847693054,156.68342744904646,75,Discover Weekly,release_radar,disliked
disliked_12,Disliked Song 12,Artist 12,Disliked Album 12,219518,0.4392997757909164,0.37041217845590646,6,-13.482983850498858,1,0.07323099143922432,0.5349613348325597,0.03075367148070718,0.13348321491283927,0.1713314038712086,87.08821267167514,20,Discover Weekly,discover_weekly,disliked
disliked_13,Disliked Song 13,Artist 13,Disliked Album 13,292130,0.45128968155699645,0.40295511630039405,7,-8.731810192947435,1,0.14208014185475515,0.43829620064326147,0.13057046295672364,0.17089308092114955,0.415686788356017,142.426643921375,81,Discover Weekly,release_radar,disliked
disliked_14,Disliked Song 14,Artist 14,Disliked Album 14,166017,0.28093973088595536,0.4769809420904051,8,-13.239875965076692,0,0.10388537545261939,0.06298185725412872,0.4413963087293115,0.12178586996882458,0.29126695078060627,150.53754999485542,24,Discover Weekly,release_radar,disliked
disliked_15,Disliked Song 15,Artist 15,Disliked Album 15,187407,0.2178907240050832,0.37712376351770155,7,-7.249063564537353,1,0.07583363728752592,0.3774397187557516,0.13292302413147505,0.2006432962143087,0.31903296496538347,72.12089124430578,81,Discover Weekly,discover_weekly,disliked
disliked_16,Disliked Song 16,Artist 16,Disliked Album 16,197958,0.25875040344338385,0.4447190199438553,1,-10.433601410690656,1,0.12202870925469766,0.42313655274215084,0.08340669441278004,0.2626449146873822,0.3985508452547345,149.8839800753858,63,Discover Weekly,discover_weekly,disliked
disliked_17,Disliked Song 17,Artist 17,Disliked Album 17,177885,,0.25218098594555316,9,-13.873948691313217,0,0.07435815718350228,0.2485845616221709,0.07996808666074534,0.03525289634939943,0.20260894439948648,,86,Discover Weekly,discover_weekly,disliked
disliked_18,Disliked Song 18,Artist 18,Disliked Album 18,257737,0.4313404407566848,0.33624413635241934,8,-13.254286214944743,1,0.13448830928773597,0.24563763261296523,0.39196396555656016,0.291890938305345,0.3684645010565458,158.47719490857943,50,Discover Weekly,discover_weekly,disliked
disliked_19,Disliked Song 19,Artist 19,Disliked Album 19,218857,0.38511755646557444,,7,-7.057972022810818,1,0.07594952774663817,0.0712376633659794,0.08001892092477636,0.08099079916147213,0.2998193463735396,154.31428228070186,64,Release Radar,discover_weekly,disliked
disliked_20,Disliked Song 20,Artist 20,Disliked Album 20,182187,0.4647531004848663,0.5224726645698516,11,-12.251783532960108,0,0.03601561084193011,0.6122820692465966,0.0894831878372524,0.24557427140381033,0.3987224567687307,72.66716975431743,62,Discover Weekly,release_radar,disliked
disliked_21,Disliked Song 21,Artist 21,Disliked Album 21,154893,0.20508033763846453,0.48423229922118577,3,-9.157857627504097,1,0.04557010442024491,0.04128189767491646,0.29568787740177327,0.06524047152609651,0.2899190327324984,83.29186167407485,55,Discover Weekly,discover_weekly,disliked
disliked_22,Disliked Song 22,Artist 22,Disliked Album 22,170592,0.36667977037932287,0.47175454620569224,11,-9.875723349220056,0,0.03390736688979781,0.846196539860202,0.19692540475362086,0.020523096321494072,0.15469919011059896,97.22404498161077,21,Discover Weekly,discover_weekly,disliked
disliked_23,Disliked Song 23,Artist 23,Disliked Album 23,223670,0.3940644551904443,0.2696558661456092,10,-10.709734505342382,0,0.09789586364481646,0.11329545759920084,0.3937681821643023,0.19367104809681684,0.41147350672967875,159.19983970491802,68,Discover Weekly,release_radar,disliked
disliked_24,Disliked Song 24,Artist 24,Disliked Album 24,291487,0.2940696063688684,0.5232364880291502,3,-10.002621604611264,0,0.12386078429645853,0.42884791465002103,0.11085593800963722,0.0011253682252674534,0.4163470471347591,135.17013996372197,64,Release Radar,discover_weekly,disliked
disliked_25,Disliked Song 25,Artist 25,Disliked Album 25,203630,0.46514213311343966,0.3115875612489414,6,-7.52471608509315,0,0.09137991671145893,0.6666917403973455,0.37810843146561923,0.029760069031744305,0.3193642306368828,89.74986843660022,43,Discover Weekly,discover_weekly,disliked
disliked_26,Disliked Song 26,Artist 26,Disliked Album 26,243960,0.3475398453167301,0.44542880930190715,11,-8.758323819243914,1,0.12390986702708036,0.7153630670008772,0.21663440126952255,0.21902476945950083,0.209670864917997,129.7227460019675,70,Discover Weekly,release_radar,disliked
disliked_27,Disliked Song 27,Artist 27,Disliked Album 27,297046,0.2316597982203022,0.5406755269734186,9,-11.033327647067543,1,0.03377182170186169,0.6795889430649822,0.4564841523398383,0.16475776962497654,0.2671047343126805,104.9706565200257,48,Discover Weekly,release_radar,disliked
disliked_28,Disliked Song 28,Artist 28,Disliked Album 28,291946,0.3436681387926023,0.5096898381306664,5,-9.04443528710101,0,0.14683590202354663,0.6674665863568893,0.262646627738227,0.27899348564177634,0.324494513901974,138.3206685420346,89,Release Radar,discover_weekly,disliked
disliked_29,Disliked Song 29,Artist 29,Disliked Album 29,256743,0.2563205853766689,0.26944475197767287,3,-14.67090573990644,0,0.13144994758681536,0.08640811960434526,0.2695762915950827,0.21253956688736825,0.33582830363333516,95.76006396562475,53,Release Radar,release_radar,disliked
disliked_30,Disliked Song 30,Artist 30,Disliked Album 30,234124,0.41069783284776973,0.4115798791244697,10,-5.915620380716076,0,0.1412617963823552,0.0061752115777486075,0.45984000123607593,0.003318719827867866,0.26186960537617016,129.63085758232262,67,Discover Weekly,discover_weekly,disliked
disliked_31,Disliked Song 31,Artist 31,Disliked Album 31,274145,0.2535825709527168,0.44105328412977485,11,-8.28876733020136,1,0.035826574171205695,0.13275186610195813,0.14294775791360365,0.07104645794677045,0.43218849158776473,156.1789124964214,73,Release Radar,discover_weekly,disliked
disliked_32,Disliked Song 32,Artist 32,Disliked Album 32,244543,,0.30260391323335145,7,-8.560181294981783,0,0.04280892206625391,0.6499908954972081,0.08145724894702822,0.09484050181362416,0.27961520872181933,80.84322585930258,74,Discover Weekly,discover_weekly,disliked
disliked_33,Disliked Song 33,Artist 33,Disliked Album 33,213192,0.47401204506208683,0.3828468741226948,11,-7.005683633969185,0,0.07704432447655069,0.041992996494838467,0.16999037879273465,0.08055984300421971,0.3680393757594821,81.30082254611797,31,Discover Weekly,release_radar,disliked
disliked_34,Disliked Song 34,Artist 34,Disliked Album 34,273061,0.3883285465206294,0.4442017290159231,4,-10.903082468790068,1,0.06285553524277977,0.171100630242889,0.3497062642861479,0.06820951622778476,0.28765820082514526,99.2258284167794,28,Release Radar,release_radar,disliked
disliked_35,Disliked Song 35,Artist 35,Disliked Album 35,249144,0.3550911080791199,0.4180280519850897,7,-10.668024988147874,0,0.08317155111716254,0.29745170489453127,0.3385584862914826,0.093883060390169,0.25977570154457924,106.96579760783038,24,Discover Weekly,release_radar,disliked
disliked_36,Disliked Song 36,Artist 36,Disliked Album 36,191607,0.49069837758610324,0.3484988154411708,3,-11.276470727165847,0,0.05657293957252198,0.4038604166499413,0.41926716672447734,0.23554318918065048,0.15597298403958496,118.74813599873252,45,Release Radar,release_radar,disliked
disliked_37,Disliked Song 37,Artist 37,Disliked Album 37,165131,0.34053728150572043,0.5488382764722923,4,-9.209230024040973,0,0.14155531847189684,0.3871160294849386,0.29633546545372097,0.06560176657739487,0.3559292828229346,138.17781274600304,75,Discover Weekly,release_radar,disliked
disliked_38,Disliked Song 38,Artist 38,Disliked Album 38,173989,0.42949861336397055,,4,-12.720763221407713,0,0.11549134080775586,0.5089856685201213,0.4661955009760645,0.25026790891630135,0.23647321549322411,131.50775894139358,70,Discover Weekly,release_radar,disliked
disliked_39,Disliked Song 39,Artist 39,Disliked Album 39,279783,0.3081124855837862,0.3372414146800344,5,-6.006806000933867,1,0.09316181148178448,0.06893851134474044,0.3374336122764618,0.12305563557008316,,83.88202626408237,53,Release Radar,release_radar,disliked
disliked_40,Disliked Song 40,Artist 40,Disliked Album 40,207819,0.3664013492433331,0.5368349246131702,3,-14.29472519731241,1,0.14663898545670886,0.08174041199235106,0.16457173311309936,0.18983752692873915,0.23212277976264084,72.4913825896162,79,Release Radar,release_radar,disliked
disliked_41,Disliked Song 41,Artist 41,Disliked Album 41,152148,0.47463602085853385,0.48693815834747445,6,-11.770166449079614,1,0.10875335600474541,0.5004380176780671,0.10293241628965633,0.17889072987552446,0.4162386438793385,138.27677738827907,31,Release Radar,release_radar,disliked
disliked_42,Disliked Song 42,Artist 42,Disliked Album 42,276296,0.2562405694112253,0.4783745521742081,8,-12.107988742491443,0,0.05926162971179001,0.42792472736817266,0.0877843022075942,0.2448645756926459,0.28034027600876177,111.6954988265988,46,Discover Weekly,discover_weekly,disliked
disliked_43,Disliked Song 43,Artist 43,Disliked Album 43,276941,0.219007270203278,0.3336503526088357,3,-7.723478620980679,1,0.04819785057833912,0.4365784166169863,0.20598564349237913,0.25741857890728137,0.36425807979074487,99.16194771723855,86,Release Radar,release_radar,disliked
disliked_44,Disliked Song 44,Artist 44,Disliked Album 44,251190,,0.3163257308546234,9,-7.080181364996846,0,0.04768698411240338,0.6695154257216307,0.05831647935781831,0.260292864005106,0.2902511945440987,154.00036060539304,51,Discover Weekly,discover_weekly,disliked
disliked_45,Disliked Song 45,Artist 45,Disliked Album 45,225597,0.26713304445208724,0.3706902441444472,9,-7.782738208030976,1,0.1026041059027487,0.5552109280192316,0.25987485847310243,0.18086709831731623,0.15966472396322437,159.83249593754434,38,Release Radar,discover_weekly,disliked
disliked_46,Disliked Song 46,Artist 46,Disliked Album 46,163706,0.4955982025293697,0.4938856259036949,3,-5.226464837771074,0,0.08875587560685014,0.6565013661104622,0.3880730806132856,0.27242226689045024,0.22809894562882504,105.988399887996,73,Release Radar,discover_weekly,disliked
disliked_47,Disliked Song 47,Artist 47,Disliked Album 47,186519,0.3063427274734318,0.41456736718369513,0,-12.210216578229335,0,0.09398566219882659,0.5564581920468484,0.12900753125472936,0.1837333024309815,0.24924765565586648,,69,Release Radar,discover_weekly,disliked
disliked_48,Disliked Song 48,Artist 48,Disliked Album 48,276416,0.4010047231240806,0.3489565122829536,11,-6.844389184981269,1,0.03944263763559676,0.2626966771217812,0.29871717563691236,0.26490381967012205,0.1852073606589388,132.34676930915793,57,Discover Weekly,release_radar,disliked
disliked_49,Disliked Song 49,Artist 49,Disliked Album 49,213989,0.2185128246261397,0.5149042679005348,4,-5.948152032657767,1,0.08949514899278332,0.7248579297043345,0.3980620678209516,0.026178714020509187,0.23916848660761905,112.4131903567542,29,Release Radar,discover_weekly,disliked
disliked_50,Disliked Song 50,Artist 50,Disliked Album 50,267503,0.40179202770886013,0.36690560550211493,6,-5.631763342213695,0,0.11305679638393144,0.6332521262885437,0.47227038049245273,0.2630461964907861,0.1806002470158084,89.45084475965456,85,Discover Weekly,discover_weekly,disliked
disliked_51,Disliked Song 51,Artist 51,Disliked Album 51,219008,0.4584804831992574,0.25887300366168153,0,-9.300599108976478,1,0.05034476235054722,0.4140108505254751,0.07870471149263508,0.22551827087762438,0.21783169701624083,112.76287857769191,62,Discover Weekly,release_radar,disliked
disliked_52,Disliked Song 52,Artist 52,Disliked Album 52,224600,0.20094002464600338,0.26312936918319574,2,-13.821518705608169,0,0.14437759568341446,0.09050437699420734,0.14751638830814012,0.2056229840697815,0.43129598919019385,114.9128821753921,73,Release Radar,release_radar,disliked
disliked_53,Disliked Song 53,Artist 53,Disliked Album 53,198432,0.2110135512412023,0.4250180865139464,4,-9.620615061679676,0,0.05171921055936428,0.6348425228746397,0.29630996551732625,0.26820194138867426,,89.97279307603688,77,Discover Weekly,discover_weekly,disliked
disliked_54,Disliked Song 54,Artist 54,Disliked Album 54,171689,0.3344250831885957,0.4036989934195566,5,-11.127132229419065,1,0.1268554702499946,0.29926935424044304,0.3452816082627324,0.27554460534918407,0.3635592074281944,91.425965677688,54,Discover Weekly,release_radar,disliked
disliked_55,Disliked Song 55,Artist 55,Disliked Album 55,242098,0.41891896209714574,0.4287822290986693,9,-10.044480734701851,0,0.10984249518530285,0.06544702016427625,0.09154239530304614,0.2903491342049412,0.38814078738380525,105.2351232296907,20,Release Radar,release_radar,disliked
disliked_56,Disliked Song 56,Artist 56,Disliked Album 56,270223,0.3919836778433262,0.48742681833581003,4,-5.937116954992815,0,0.08252156826549882,0.07413755376453421,0.40966001962742304,0.10032747919889652,0.2597352153682688,97.75057694695539,34,Discover Weekly,release_radar,disliked
disliked_57,Disliked Song 57,Artist 57,Disliked Album 57,179607,0.42538711833654663,0.35396578122879657,9,-12.94559534932226,1,0.14045010299514282,0.5475370156562304,0.39641962716110235,0.005921710926190371,0.2480830337391398,149.32354971843802,81,Discover Weekly,discover_weekly,disliked
disliked_58,Disliked Song 58,Artist 58,Disliked Album 58,275094,0.4740650252435925,0.466949014818823,5,-5.72933111003765,1,0.13765878049164298,0.38944877843491155,0.06015815343327641,0.23513526441470967,0.29285467953260025,81.8023921641226,42,Discover Weekly,release_radar,disliked
disliked_59,Disliked Song 59,Artist 59,Disliked Album 59,159342,0.2505191497253964,0.5416059045304881,11,-14.662836289400582,0,0.1499559610710808,0.4006412227059254,0.1527418824789875,0.054552285122806264,,130.35676591930306,44,Release Radar,release_radar,disliked
disliked_60,Disliked Song 60,Artist 60,Disliked Album 60,283885,0.22665427358669,0.4222780932044425,4,-13.986560503968818,1,0.08361437142950788,0.749126811288193,0.44090750370517107,0.037473200239911804,0.2351627847216736,126.58910119429027,71,Release Radar,release_radar,disliked
disliked_61,Disliked Song 61,Artist 61,Disliked Album 61,178817,0.4453004478929672,0.32583650178703877,2,-6.676811623192139,0,0.1356679848397137,0.5810438036513583,0.4063431558205352,0.06980522456477015,0.21243374308998353,74.28344164398705,64,Release Radar,release_radar,disliked
disliked_62,Disliked Song 62,Artist 62,Disliked Album 62,263501,0.21389585127778732,0.4412215461056886,8,-11.351171434208691,0,0.04182377785958709,0.15496728040285848,0.11984424926425763,0.0038205627889691725,0.26841604125245966,116.4032284327788,77,Discover Weekly,discover_weekly,disliked
disliked_63,Disliked Song 63,Artist 63,Disliked Album 63,246105,0.4341338817617312,0.39649568465104246,2,-13.493602144475371,0,0.07437821661430769,0.38913250986960257,0.17711697082784983,0.26856021207724823,0.26847256453920454,120.85975526934303,34,Discover Weekly,discover_weekly,disliked
disliked_64,Disliked Song 64,Artist 64,Disliked Album 64,267747,0.32408369535591725,0.3821999606961431,2,-11.644166816585297,0,0.1384700374909389,0.6572426488166244,0.3137671390036957,0.23257848765957517,0.21889557504387971,143.97255695364402,70,Release Radar,release_radar,disliked
disliked_65,Disliked Song 65,Artist 65,Disliked Album 65,191313,0.26737261900509574,0.30113646156238916,3,-11.524269002977814,0,0.14348449605651664,0.5645528870014387,0.14195827722805693,0.19062881664381864,0.3581109172651626,107.45545469691642,54,Discover Weekly,release_radar,disliked
disliked_66,Disliked Song 66,Artist 66,Disliked Album 66,263504,0.3566981328954306,,2,-13.362990257427125,1,0.04788056689980989,0.40779580944745236,0.39602386453072563,0.24750494115163466,0.3654736519977042,107.39034347284894,42,Release Radar,release_radar,disliked
disliked_67,Disliked Song 67,Artist 67,Disliked Album 67,215224,0.2382186911751515,0.5497459839662242,0,-13.479927761228476,0,0.0946071681304449,0.2640494405223771,0.022650958180289282,0.21520315793189515,,86.30249707170232,89,Discover Weekly,discover_weekly,disliked
disliked_68,Disliked Song 68,Artist 68,Disliked Album 68,262084,0.247195693052256,0.4253707743345428,6,-8.427227095830268,1,0.140419988966007,0.3109581949215733,0.3346484978416214,0.2926685594271402,0.44548041471702593,135.34567310792232,24,Discover Weekly,release_radar,disliked
disliked_69,Disliked Song 69,Artist 69,Disliked Album 69,254055,0.2897267422247107,0.4686899747327615,6,-10.595302703231727,0,0.10853677236514682,0.11218252281041528,0.3964407212999519,0.2692491653203544,0.17383190340281837,123.04417073005276,36,Discover Weekly,discover_weekly,disliked
disliked_70,Disliked Song 70,Artist 70,Disliked Album 70,207529,0.21172031409209038,0.406175981586715,11,-10.637474328309601,1,0.09055021717789596,0.6526311619321453,0.38947931365790356,0.18501137405140797,0.16759164256406506,149.75686527880197,20,Discover Weekly,release_radar,disliked
disliked_71,Disliked Song 71,Artist 71,Disliked Album 71,277841,0.20895742385734867,0.28956832375093605,4,-6.358026262703726,0,0.140403644445718,0.6214578388019157,0.11197915029495953,0.1322769700154454,0.4428622130593006,92.01253488582442,41,Release Radar,release_radar,disliked
disliked_72,Disliked Song 72,Artist 72,Disliked Album 72,248526,0.42147892121638786,0.36644005952248054,9,-13.850773961366432,0,0.046886672619765785,0.6306273598304004,0.2020813553041984,0.11799410702226956,0.31303187239494473,119.12564245256031,87,Release Radar,discover_weekly,disliked
disliked_73,Disliked Song 73,Artist 73,Disliked Album 73,214608,0.2180733893215217,0.4296589563433574,2,-8.465209501866259,1,0.14417750650546185,0.16940973637541018,0.4733808653465123,0.16041455591792736,0.4392817188426872,111.8248644828451,55,Release Radar,release_radar,disliked
disliked_74,Disliked Song 74,Artist 74,Disliked Album 74,170362,0.39831649491666554,0.3189352041004312,2,-14.541635349849296,1,0.09260775653107435,0.6300012585035679,0.09307403586798896,0.01092693903950096,0.15117416191485086,154.1177333443482,73,Discover Weekly,discover_weekly,disliked
disliked_75,Disliked Song 75,Artist 75,Disliked Album 75,200225,0.4617606333979891,0.2627067605310657,4,-6.096432799897304,0,0.06780309529072567,0.4408259222797728,0.24818116540800944,0.1934359793930418,0.3012775768327081,144.94930964994262,68,Discover Weekly,release_radar,disliked
disliked_76,Disliked Song 76,Artist 76,Disliked Album 76,226004,0.4919879924683719,0.5087384691667339,2,-11.110503696176405,0,0.042475255350927776,0.4514599608221764,0.4037225972404136,0.17998664263154804,0.18851596742437193,144.5476707448942,52,Release Radar,release_radar,disliked
disliked_77,Disliked Song 77,Artist 77,Disliked Album 77,209655,0.34569272618650526,0.2753305015894671,11,-11.579128908682558,0,0.043803391726790486,0.3756425601546339,0.2057145758593633,0.12251062010248964,,144.1204955766445,76,Release Radar,release_radar,disliked
disliked_78,Disliked Song 78,Artist 78,Disliked Album 78,246328,0.4218240205386556,0.48664633327909135,4,-6.956723314529471,0,0.126754027168256,0.10231764703347124,0.424661393650503,0.132188741249618,0.28749564595355326,141.71845493536048,43,Discover Weekly,release_radar,disliked
disliked_79,Disliked Song 79,Artist 79,Disliked Album 79,260980,0.3620154397733232,0.44512079855682657,5,-5.933529467605677,0,0.11806733788788568,0.35354844856638784,0.1954255186814038,0.2333348453625835,,108.0361466244604,41,Release Radar,release_radar,disliked
disliked_80,Disliked Song 80,Artist 80,Disliked Album 80,250696,0.3401327269980018,,11,-14.250067023851056,1,0.04293848151614967,0.35772483063755567,0.16666652386119202,0.09524501639271422,0.1539295871217398,90.47363645401951,26,Release Radar,discover_weekly,disliked
disliked_81,Disliked Song 81,Artist 81,Disliked Album 81,176232,0.47226598137673104,0.29878039649955945,1,-14.408597375794818,0,0.11024978116287765,0.6911888504477861,0.1265793787090589,0.13771339996144236,0.44029797472402943,126.99979813343778,86,Discover Weekly,release_radar,disliked
disliked_82,Disliked Song 82,Artist 82,Disliked Album 82,184856,0.4186017729323102,0.2678843861410768,10,-12.603401434845777,1,0.05820112346866202,0.13341924708244837,0.3933532823925957,0.2064475574473524,0.23908993251851687,98.15721547498975,40,Release Radar,discover_weekly,disliked
disliked_83,Disliked Song 83,Artist 83,Disliked Album 83,274732,,0.29610497285291004,9,-7.33340719055483,1,0.06428322553982546,0.0760727104898792,0.3394524640524789,0.24197013148696886,0.25709971158546235,101.51084391946942,22,Release Radar,release_radar,disliked
disliked_84,Disliked Song 84,Artist 84,Disliked Album 84,246235,0.39032609449323785,0.40255116188609436,6,-14.219415599487448,1,0.04489483023838524,0.7848065212708707,0.14519619486403645,0.10501098334761379,0.27231963939249504,93.11236519684546,68,Release Radar,discover_weekly,disliked
disliked_85,Disliked Song 85,Artist 85,Disliked Album 85,179397,0.33287698046771,0.2870134311213467,11,-8.58003265774949,1,0.12983675573900036,0.19745901229564283,0.03146381398830472,0.2674721853597049,0.1669960457992052,107.12868211794856,81,Release Radar,discover_weekly,disliked
disliked_86,Disliked Song 86,Artist 86,Disliked Album 86,263871,0.363327098221917,0.5337993697706833,11,-10.960271614913022,0,0.11869881789467912,0.5043247043478566,0.14523988575111363,0.25491368505057643,,87.05719787727304,25,Release Radar,release_radar,disliked
disliked_87,Disliked Song 87,Artist 87,Disliked Album 87,281096,0.32000675621169933,0.5249679103855156,6,-13.181027538857094,1,0.03182784626879583,0.5451144238695318,0.4172336390737816,0.1776501739507737,0.2525537113531706,,51,Discover Weekly,release_radar,disliked
disliked_88,Disliked Song 88,Artist 88,Disliked Album 88,175250,0.2490052789515084,0.5417819723646716,1,-9.720737652796938,0,0.1392518969602934,0.8110411137574915,0.4029168251136064,0.19888492282649092,0.32748441446570564,117.87582850367612,39,Release Radar,release_radar,disliked
disliked_89,Disliked Song 89,Artist 89,Disliked Album 89,254450,0.415540744805401,0.352818654372449,9,-9.221044049555864,0,0.10372717748307428,0.6925332634365328,0.11112201706641778,0.042005849021177495,0.4133771007813728,89.15778840748229,37,Release Radar,release_radar,disliked
disliked_90,Disliked Song 90,Artist 90,Disliked Album 90,273231,0.3762006475260608,0.41684181389525465,5,-14.328635526042717,0,0.03730777496968778,0.8414016717967789,0.1647654060066734,0.08064499722012615,0.37911289257660974,145.72422345409936,76,Release Radar,discover_weekly,disliked
disliked_91,Disliked Song 91,Artist 91,Disliked Album 91,156408,0.2988161882396703,0.40361680075743644,5,-12.147900759225372,1,0.04082879210429304,0.08707223188205584,0.14618290023985875,0.29799989282778466,0.31433269303029565,101.40093649869505,77,Discover Weekly,discover_weekly,disliked
disliked_92,Disliked Song 92,Artist 92,Disliked Album 92,225949,,0.5237075852803423,7,-6.4127484185045365,1,0.06253887272906261,0.8685084157618779,0.272435754151718,0.27148021359173335,0.2797091078670796,137.21906852005495,66,Release Radar,discover_weekly,disliked
disliked_93,Disliked Song 93,Artist 93,Disliked Album 93,265330,0.4970521934214922,0.2921863826480722,1,-9.367539346607812,1,0.0806708617505668,0.05680252761427159,0.029720642011052234,0.26868212235416905,0.3518250655844011,122.72801694104503,40,Discover Weekly,discover_weekly,disliked
disliked_94,Disliked Song 94,Artist 94,Disliked Album 94,298124,0.2712179970023431,0.36767604823223965,9,-5.2771419088585585,1,0.07900497080085736,0.4670322337524208,0.4659566231460593,0.1639821833780229,0.29778565256346723,83.72436233362562,56,Discover Weekly,release_radar,disliked
disliked_95,Disliked Song 95,Artist 95,Disliked Album 95,168286,0.3094363890908711,,6,-9.020951468161034,1,0.07766489402288244,0.4136973312098851,0.47576039570389633,0.05244783697684353,0.1862760957871587,143.79377849945467,77,Release Radar,release_radar,disliked
disliked_96,Disliked Song 96,Artist 96,Disliked Album 96,266323,0.41798538614120595,0.29699534405283945,10,-6.102976630537425,1,0.09019305805967728,0.6053676089348156,0.2649509853724159,0.1404049748777961,0.19509561026517888,152.40338205774145,55,Release Radar,discover_weekly,disliked
disliked_97,Disliked Song 97,Artist 97,Disliked Album 97,218186,0.43278338395756827,0.4467257227974787,7,-13.34446165622319,1,0.052432878606534616,0.22091393687555344,0.3532029272345995,0.2638937894276866,0.17505000518534547,117.93742888028488,48,Release Radar,release_radar,disliked
disliked_98,Disliked Song 98,Artist 98,Disliked Album 98,238356,0.4115672516285275,0.439073886215367,11,-13.275391260071135,0,0.06760521916899828,0.09911268606951203,0.09990705175953063,0.029161706830397302,0.1601311538999094,117.05338599578326,50,Discover Weekly,release_radar,disliked
disliked_99,Disliked Song 99,Artist 99,Disliked Album 99,217990,0.22704850730488985,0.5006897593211788,0,-5.900023134553848,1,0.11871190442819084,0.37497542562473607,0.19318835001852408,0.016102815478895416,0.3973715289133823,115.12431313359129,64,Discover Weekly,release_radar,disliked
disliked_100,Disliked Song 100,Artist 100,Disliked Album 100,233637,0.27424487548811954,0.34845716232931273,1,-9.95012335097444,1,0.06332914624739763,0.4467630190737026,0.3467635667818686,0.18946253352118525,0.1890367841176616,94.55693594203242,27,Release Radar,discover_weekly,disliked
