track_id,acousticness,danceability,energy,instrumentalness,key,liveness,loudness,mode,speechiness,tempo,valence,isrc
1jJvNlkbQmtRpG9uIUpiYA,0.438,0.439,0.883,0.0175,9,0.0949,-7.616,1,0.36,158.714,0.375,GB9TP2000366
6JuEshIRliNXRU1LXctRjZ,0.23,0.622,0.448,0.0,0,0.102,-10.709,1,0.0265,106.085,0.553,USCA29000609
7vcNp4cj4uF4AyX5aKY4Ps,0.189,0.74,0.798,0.00128,0,0.305,-6.55,1,0.146,119.964,0.571,GBCEL1300468
1SlxMFZexm81T0tUK6mwni,0.0135,0.394,0.784,0.0,10,0.216,-5.902,0,0.132,161.95,0.341,USEP42231004
003vvx7Niy0yvhvHt4a68B,0.00121,0.352,0.911,0.0,1,0.0995,-5.23,1,0.0747,148.033,0.236,USIR20400274
5cZqsjVs6MevCnAkasbEOX,0.0128,0.432,0.884,0.000457,8,0.166,-6.657,1,0.128,108.835,0.619,USIR19902309
4qYvkWQqCcIWEBWekegE4y,0.00181,0.567,0.726,3.06e-06,0,0.103,-6.715,1,0.0548,178.09,0.715,GBBPW1900277
2Y5AkPcCKN01ck6xDtOnoJ,0.0301,0.519,0.873,0.0,6,0.276,-3.555,0,0.0393,108.246,0.241,USUM71306187
2mQNBBeUUjzkEyQFibqePn,0.00516,0.621,0.54,0.000712,2,0.161,-8.055,1,0.0663,114.982,0.0398,USMTD2000192
0rQ04MNZfVfIJYhvm6EG8I,0.037,0.825,0.643,0.0,11,0.101,-7.526,0,0.052,129.932,0.693,QZNWW2013846
0I49aN2b9qfw1UWtctmNtr,0.0849,0.706,0.803,0.0354,0,0.0678,-5.874,0,0.0339,118.988,0.482,QM4TW2488735
2ghSaPTZNyvntrHYB8cPew,0.0638,0.654,0.697,3.13e-05,10,0.109,-10.136,0,0.141,103.03,0.568,CA21O1200004
1PtQJZVZIdWIYdARpZRDFO,0.719,0.629,0.545,0.00308,10,0.0604,-13.123,0,0.0546,108.376,0.194,GBCNR8500002
3d5z2JmzB2W97ERw1Q09f0,0.00179,0.592,0.727,0.00089,11,0.184,-6.457,0,0.0291,137.959,0.432,GBBPW2200170
0jGAm66ie0uOt7bYmXG64f,0.0973,0.298,0.636,0.154,7,0.107,-5.981,1,0.04,94.088,0.193,GBK3W2001630
2fEhqGeXcGiJs3WmqysJ8X,0.00715,0.569,0.681,4.41e-05,0,0.117,-8.506,1,0.0354,120.06,0.227,QZFQE2200004
53iuhJlwXhSER5J2IYYv1W,0.265,0.726,0.598,0.0,5,0.102,-5.179,1,0.0291,123.921,0.519,USUG12506436
6EUjksHprxyLw7dbNZtACA,0.0115,0.463,0.884,1.89e-05,1,0.0954,-5.159,1,0.0343,149.048,0.578,GBAYE2501216
3cZajhyr8LmtPfHZ9296tj,0.34,0.767,0.834,0.111,1,0.0901,-7.415,0,0.0315,130.999,0.962,USAT22504362
7qjZnBKE73H4Oxkopwulqe,9.37e-05,0.436,0.723,8.82e-05,1,0.0929,-2.291,1,0.0301,92.855,0.235,USWB12405502
4lC5STpnrBm7aXMls2zGqJ,0.0188,0.459,0.46,0.000357,4,0.108,-8.372,1,0.0289,98.367,0.0547,GBUM72504041
55lijDD6OAjLFFUHU9tcDm,0.0599,0.39,0.781,0.0,8,0.14,-7.04,1,0.0918,115.939,0.628,QMFME2535037
1CPZ5BxNNd0n0nF4Orb9JS,0.0966,0.651,0.686,0.0,4,0.185,-4.371,0,0.0616,122.715,0.104,QZ8BZ2513510
1GpM5w7maS7MGVkZdg6jPE,0.136,0.689,0.503,0.0,9,0.586,-8.277,0,0.0416,122.068,0.481,GB5KW2501370
1WwQ714xuznu44tEnkem2g,0.00172,0.702,0.822,0.00321,8,0.244,-3.077,0,0.0419,138.18,0.31,CA5KR2603887
12bYYQaLqHliSXvRIYlq8G,0.0541,0.786,0.713,0.0,5,0.133,-6.193,1,0.0327,102.997,0.876,USAT22509144
3obedb2fnHaTE8bPlr9TNK,0.4,0.318,0.568,0.000238,5,0.21,-4.261,1,0.0317,68.506,0.213,USAT22508695
3LmlegS3av5opwiIMVDbgI,6.07e-05,0.679,0.788,2.1e-06,5,0.0783,-9.361,0,0.0509,126.998,0.319,TCADT1876101
6qqrTXSdwiJaq8SO0X2lSe,0.739,0.446,0.682,9.51e-06,2,0.0562,-6.229,1,0.0497,112.252,0.382,USAT22500463
7qLc5KYxAvBPgjUkqUozVn,0.00566,0.572,0.715,0.0106,1,0.251,-6.591,0,0.0287,125.083,0.624,GBCEL2400958
3n3rG8qFRwBgl0N7LzNeem,0.000235,0.589,0.788,0.0137,7,0.0845,-5.851,1,0.0348,133.973,0.552,GBCEL2400968
4o4uaxD9uSqnSzvig1qYTs,0.687,0.529,0.557,0.0,0,0.181,-7.613,0,0.116,86.688,0.565,GBARL2500556
5UWwZ5lm5PKu6eKsHAGxOk,5.99e-05,0.413,0.881,0.000308,11,0.0805,-5.541,0,0.0367,158.066,0.364,USRW29600011
1o82DwNisONAd2mu1RcGE6,0.969,0.34,0.245,0.0992,9,0.0633,-13.352,1,0.0319,103.777,0.192,GBUM72206760
4kAnrSFanaSI2zpzRPOy0F,0.0085,0.521,0.823,0.0599,8,0.208,-5.317,0,0.0336,126.041,0.591,GXCT62400006
7G5xEOORkAAUhx6wjTRb26,0.000114,0.399,0.975,0.000624,7,0.152,-5.237,1,0.0991,171.971,0.319,GBBKS0200646
1SjrfoUnv55TSi3m7EJLli,0.00039,0.397,0.981,0.000204,6,0.127,-4.866,0,0.163,160.263,0.234,GBDNH0400383
7DXGKFjM7GNkJd32oXstGY,0.0049,0.739,0.97,1.06e-06,5,0.273,-4.885,0,0.118,131.003,0.519,USUM71106448
7CiZj5S4E5FVboR0yLVLzc,0.0258,0.425,0.894,1.56e-06,10,0.0996,-4.991,0,0.0762,115.412,0.171,UKPJQ1900018
5qfUHPJTEINmlf990O9NqB,0.000235,0.59,0.805,0.538,0,0.247,-5.647,1,0.0338,150.976,0.769,UKJ7P2000024
68FuXWn3fGYMB7sJzdRHPz,4.02e-06,0.111,0.843,0.409,2,0.136,-4.645,1,0.0613,190.747,0.149,USMV20500178
0MXmiqd7zoXxv6Gqn9ahhQ,0.026,0.551,0.839,0.0,4,0.0935,-4.134,0,0.028,131.043,0.604,GBBKS2400083
27w0RH5IDt6xU3B2j7QOuy,0.000114,0.353,0.875,1.13e-06,1,0.361,-5.14,0,0.0343,76.003,0.424,GBBKS2400088
3lfkTqCzn3UiaxmBbP6UEz,0.771,0.427,0.357,0.00756,0,0.11,-7.782,1,0.0357,102.908,0.251,GBCAD2401316
4Uiw0Sl9yskBaC6P4DcdVD,9.91e-06,0.206,0.965,0.827,1,0.367,-5.116,1,0.079,92.615,0.168,USMV29700147
0oeEqyEAavgPfFxDYvjAP6,0.0351,0.646,0.602,0.819,5,0.0635,-11.316,0,0.0281,131.994,0.662,GBAAA9800345
3FtYbEfBqAlGO46NUDQSAt,0.0709,0.763,0.803,0.285,1,0.348,-3.713,1,0.0351,103.04,0.561,USSM10702131
5W8YXBz9MTIDyrpYaCg2Ky,0.000481,0.589,0.89,0.00082,4,0.201,-3.719,0,0.06,90.586,0.687,USDW10021712
1o1x4gUntwc9sqeMDWR9eE,0.00875,0.919,0.543,0.0,8,0.104,-2.609,1,0.348,138.889,0.856,GBUM71207987
0y6CoVW1ZSBqRmPbyfhFQs,0.236,0.708,0.872,0.0661,11,0.108,-6.719,1,0.0336,140.063,0.742,GBCEN2200053
42VUCXerQ5qTr4Qp6PhKo4,0.0204,0.699,0.876,0.000105,0,0.0307,-4.855,1,0.0514,113.036,0.485,USUM72504355
4QpGrDM7EsvbeaZ5G1Nu3j,0.213,0.603,0.956,0.0,7,0.471,-6.006,1,0.4,129.979,0.419,TCAEO1960473
62ZspgOi379ykrVuC3GRBJ,0.00335,0.388,0.702,9.61e-06,6,0.472,-5.506,1,0.0422,122.996,0.412,GBUM72503675
26vIeRYFA2Nh56W4jfkjp5,0.00794,0.904,0.595,0.697,6,0.0948,-6.028,0,0.0774,129.93,0.794,GBAHS2501582
3wEAaX6X3HCKrN3O2xmVQD,0.531,0.22,0.58,0.00181,3,0.268,-7.624,1,0.0477,95.71,0.382,USAT22600028
3v1d12O8WEj5H9eFID7HBn,0.000101,0.68,0.656,4.72e-05,1,0.107,-3.966,1,0.0314,134.029,0.229,USRC12502323
4h9x2ICDsuzxMwSJCkliLp,0.834,0.337,0.538,0.918,0,0.534,-12.032,1,0.0545,97.314,0.224,CACQ21107512
1wxpvuXrmx18gKm8AXeeCN,0.000337,0.556,0.865,7.55e-06,6,0.441,-5.694,0,0.0346,123.997,0.413,UKJ7P2000035
41MKI9RK2ltNcQF24dYLMW,0.00335,0.489,0.834,4.32e-06,8,0.267,-6.476,1,0.0436,133.97,0.312,UKJ7P2000001
6h0UKzcHd8s5xjFIghKOHK,0.0842,0.809,0.685,0.918,4,0.0641,-10.194,0,0.0864,123.498,0.231,QZDA71848562
73GeJojHqKJP8oHafhKxh6,0.00425,0.62,0.852,0.0,4,0.103,-4.737,0,0.035,116.974,0.236,GBK3W1000202
7cucVWdmNeaPJuo7WkxaZ8,0.000292,0.392,0.973,2.35e-05,9,0.348,-5.02,1,0.0733,176.977,0.6,USBQU1800212
2MqtHEaoMmfVMe3gjg7rQz,0.0126,0.555,0.992,0.0,2,0.106,0.715,1,0.229,174.916,0.631,GBPVV2406399
4KVYz4U1Vm3pvjhhhS1E6s,0.143,0.808,0.702,0.0036,4,0.105,-7.365,1,0.0303,123.014,0.67,GBCEL2400960
0XMO3PiZ4gtXRvIJCgHsLl,0.326,0.707,0.563,0.13,9,0.108,-7.48,1,0.0338,81.508,0.436,GBCEL2400964
5cghqtgljxpGJ1XeXAIK4p,0.000225,0.496,0.887,0.0384,11,0.0885,-4.533,1,0.056,91.074,0.633,GBAHS1300101
5IXA8J6Xugs507nAzwSa5F,0.00144,0.58,0.828,0.00927,7,0.0983,-4.713,1,0.0305,101.984,0.359,GBUM72305555
7fHqVBM914EJjzujOnUBFz,0.232,0.652,0.909,0.0325,9,0.16,-7.766,1,0.408,126.92,0.397,QMPKX1471699
4Dr5pBJktWX8aZckCznE6q,0.00627,0.813,0.913,0.195,9,0.111,-4.456,0,0.05,127.989,0.877,GBCFB2400445
51c94ac31swyDQj9B3Lzs3,0.000249,0.269,0.853,0.000246,7,0.118,-4.647,0,0.0854,141.581,0.179,USMV20000039
1mgIlvtm1aQr6ei17gDALV,0.0139,0.427,0.958,0.0121,6,0.423,-5.133,1,0.115,178.029,0.553,GBPVV1702053
2RdEC8Ff83WkX7kDVCHseE,0.761,0.579,0.522,1.41e-05,1,0.655,-8.393,1,0.0993,79.453,0.245,GBAHS2000219
2mdEsXPu8ZmkHRRtAdC09e,0.814,0.294,0.337,0.414,6,0.14,-10.614,0,0.036,91.781,0.135,GBUM71903147
0AIpGG5dxEgnAymhdJRSZ0,0.0203,0.813,0.406,0.392,9,0.0757,-12.626,1,0.0662,122.658,0.755,GBCEL1100251
7nCONy10IHp7XD3oYZ0lcx,0.0481,0.603,0.944,0.0,11,0.342,-3.626,0,0.347,130.035,0.418,USSM11200908
3XdjmYHdNZkuN6FML8sTjH,0.0112,0.708,0.694,0.766,10,0.179,-8.094,1,0.0313,139.988,0.458,QM6N22162303
6tZ3IrSvw2VEAEMJfGS7f9,0.0044,0.663,0.932,0.0232,11,0.299,-4.408,1,0.138,173.962,0.741,GBVPL1900060
7oDDV1cal0M0RIjr4HuuJ9,0.000892,0.658,0.475,0.0194,4,0.105,-12.688,1,0.033,125.747,0.461,GBAFL9700102
0o2JLyPbVzGDVGSZ3MhPb7,0.00258,0.292,0.747,0.0105,7,0.28,-6.334,1,0.0445,170.8,0.377,DGA0P2468758
6EjGLBBBuEkjQniYBeDN7E,6.25e-05,0.532,0.944,0.492,7,0.0717,-3.032,1,0.0932,134.675,0.768,SE5AJ1600453
3yWuTOYDztXjZxdE2cIRUa,0.0784,0.806,0.819,0.0,4,0.0371,-5.033,0,0.0384,124.994,0.802,USUG12506438
7b2QNwTvP4QDP1MBn887AW,0.267,0.69,0.731,0.0116,2,0.394,-9.639,0,0.0293,137.994,0.368,GBAYE2501226
0bxPRWprUVpQK0UFcddkrA,0.295,0.572,0.598,0.0,1,0.12,-7.189,1,0.0564,135.578,0.498,USAT22504344
04a44cx2PJthIbN2aLMXhl,0.206,0.623,0.705,0.0,8,0.273,-5.036,0,0.072,83.974,0.492,USRC12502004
7B3BwNecBhKvNwSMOOl7Gk,0.165,0.692,0.399,0.00109,3,0.1,-7.325,0,0.035,137.976,0.411,USSM12501572
4VxTzYm00mg82MuoT35Ja7,0.133,0.861,0.77,0.0,11,0.446,-4.977,0,0.0529,114.958,0.883,USSM12503648
7tMF8Anyf7oIqQZSxE17do,0.0265,0.555,0.702,0.0004,11,0.161,-6.636,0,0.0673,120.023,0.104,USUM72507826
0oxYB9GoOIDrdzniNdKC44,0.00101,0.33,0.532,0.709,2,0.101,-11.764,1,0.0263,93.512,0.218,GBBQY0400041
0ccoGCaOFCxI6pHixrQpKj,0.0258,0.563,0.44,7.62e-06,6,0.227,-10.01,0,0.0608,116.988,0.417,FR8EU2300010
2YuySJd7C2aoBarBP8OvzR,0.608,0.584,0.732,0.39,2,0.137,-7.09,1,0.0565,126.294,0.515,CAN112302020
5bajgZvZb1x9OScsPAC1gB,0.0135,0.452,0.891,4.24e-05,7,0.0786,-6.507,1,0.0605,158.879,0.745,USA2P2405341
3y6DzVmGrnOEftEgBKb3fq,0.000532,0.34,0.877,2.15e-06,7,0.374,-5.27,1,0.0405,161.816,0.497,GBUM72403255
4WFgvKVfEhb3IUAFGrutTR,0.296,0.779,0.731,0.0,0,0.128,-6.176,1,0.0306,114.001,0.814,USAT22401137
7tFI5cqfAoR7MIvmbw1qd8,0.25,0.832,0.674,0.0627,8,0.481,-6.381,1,0.0419,118.029,0.837,QM4TW2525818
221eHga9f9Ne4f8D7WVgPT,0.19,0.671,0.697,0.0,11,0.393,-3.851,1,0.116,119.867,0.848,USWB12500844
55hTqqpz8k2TNRLhHKbbDx,0.197,0.661,0.748,0.0,7,0.363,-4.548,1,0.0661,145.908,0.61,USUM72503465
5UW4tA4j23YL6kDfRw3rWT,0.00876,0.742,0.588,0.455,0,0.201,-5.358,1,0.0282,127.962,0.477,GBCEL2400962
7rcbwjIaZ5jEgyFk35Bqfj,0.715,0.802,0.384,0.000686,8,0.108,-8.906,1,0.054,110.153,0.483,USUG12504304
4ULCzw8NZHsSZamatfq8IH,0.0428,0.546,0.944,0.108,7,0.381,-4.848,1,0.0436,121.023,0.751,UK95T2200011
0DmkBOGgEWMbUJlL6VwwF2,0.0994,0.612,0.675,0.0,9,0.217,-6.518,0,0.0231,97.04,0.763,USRC12202286
758wEKVqfYopJIHYWdLVd4,0.012,0.494,0.862,0.213,4,0.228,-9.158,0,0.0273,112.596,0.59,GBAHJ0900001
0dpyzcT3RMNNSd2xKBf35I,0.0102,0.653,0.877,1.04e-05,2,0.32,-5.82,0,0.0275,109.985,0.62,USJ5G2022502
7edPcqtaDkl0X47fNcXuUS,0.00129,0.521,0.706,0.351,7,0.23,-8.726,1,0.0337,120.956,0.28,UKJ7P2000037
6GGtHZgBycCgGBUhZo81xe,0.678,0.485,0.348,0.167,6,0.118,-11.576,0,0.0257,99.898,0.145,GBUM72304301
7j3nbSiaWphYU2cFgyQXd9,0.0606,0.667,0.783,1.17e-06,0,0.0418,-5.885,1,0.0361,117.145,0.564,USCA21202535
5TxRUOsGeWeRl3xOML59Ai,0.128,0.216,0.497,2.39e-06,10,0.111,-8.025,1,0.0371,187.308,0.313,USQX91901168
04QTBqa3IA4ZAKEuqRPzEH,0.0709,0.443,0.576,0.0197,1,0.41,-8.695,0,0.201,151.835,0.127,USQX91300227
0lizgQ7Qw35od7CYaoMBZb,0.0489,0.525,0.621,0.0,7,0.291,-7.364,1,0.117,191.868,0.592,USUM71417401
4RvWPyQ5RL0ao9LPZeSouE,0.347,0.645,0.795,0.00389,7,0.104,-12.095,1,0.0527,112.067,0.535,GBF088590110
5xoUgPXbMNUmoHU0Enwtwq,0.239,0.403,0.803,0.0,7,0.103,-5.363,1,0.0626,153.314,0.814,GBAAA0500835
3wCJGNuWIoeKHsrZdAybiO,0.000852,0.673,0.791,0.000234,1,0.119,-4.646,0,0.0516,147.107,0.365,DED622500014
25jgQBxuUkGDdCG1WGKKN9,0.13,0.765,0.877,0.0,6,0.352,-4.897,1,0.0844,117.997,0.608,USUM72504449
0AxZUYeQ9bZwSdt1LmZuok,6.97e-05,0.202,0.804,0.00775,7,0.081,-5.465,1,0.0383,179.911,0.418,GBAFL9000039
0Q9kIg9o8w1XKepXWmDUmT,0.0299,0.596,0.625,7.33e-06,9,0.239,-8.783,0,0.0962,148.005,0.28,USSM12501567
0TFTAtCYhp2tQ9KcJIZb55,0.137,0.642,0.887,0.0,0,0.0829,-3.883,1,0.0406,115.999,0.888,USWB12500737
2CqK5vwJHSe0ZHXryUAElT,0.319,0.642,0.808,0.00125,5,0.126,-6.553,1,0.0458,132.007,0.495,GB5KW2501371
73vfMXcXa6iY1E3lpf2fZO,0.363,0.436,0.609,0.000287,7,0.192,-6.604,1,0.0358,150.877,0.161,GB5KW2501372
2T8yuUKl1nhmtaIocqWo4i,0.294,0.423,0.442,0.0,9,0.217,-6.297,0,0.0441,124.854,0.221,USSM12504034
2igNvPf7RLTZG688Mx8GtU,0.209,0.648,0.774,7.71e-05,11,0.35,-7.13,0,0.242,93.222,0.436,USUG12504106
5l4Gq3UC0dHKSExIf5xD9N,0.165,0.74,0.681,0.202,8,0.282,-7.569,1,0.0433,129.988,0.315,QMDA72543806
45Z3m6yazmAi4jZuW0tzW0,0.108,0.677,0.715,0.0709,2,0.108,-10.07,1,0.0546,127.978,0.178,USSM12600096
0Hnm7mnmqOLCIgvbMpM4Ev,0.176,0.819,0.635,0.0,6,0.166,-6.89,1,0.0509,122.694,0.607,USUM72213188
40LGKU0kbnbx4NXEMhTTXT,0.124,0.397,0.772,0.0,2,0.107,-5.512,0,0.0453,152.376,0.615,GBAAA0800079
5TTGoX70AFrTvuEtqHK37S,0.33,0.505,0.698,0.0887,0,0.0966,-5.563,1,0.0297,115.013,0.599,GBCEL1300367
5UJbgR4XF4y1DvbkxEqe8S,0.0505,0.861,0.815,0.00139,11,0.1,-3.672,0,0.0349,106.978,0.886,USRC12403580
4GKJALTXTwhZgLPp0usd5C,0.000611,0.491,0.676,1.24e-05,0,0.0908,-7.477,1,0.0327,121.205,0.381,USBQU2100090
5XhMgAWzou6EjDmQtoyoZE,0.0897,0.632,0.772,0.0,4,0.0679,-7.206,0,0.0319,114.037,0.374,USBQU2100093
2SsY5k7UWFqgye3PUMG3Oq,0.426,0.31,0.608,0.0,10,0.186,-6.225,1,0.0328,166.337,0.503,USUG12506170
57Xjny5yNzAcsxnusKmAfA,0.000603,0.489,0.649,0.713,9,0.101,-5.11,1,0.0336,158.009,0.77,USRC10301519
7DzzfrIaYnIvzkI898X79J,0.169,0.621,0.829,0.495,7,0.32,-5.466,1,0.025,105.072,0.235,GBUM71105435
2aPTvyE09vUCRwVvj0I8WK,0.181,0.721,0.707,3.68e-06,6,0.143,-6.364,1,0.0595,125.005,0.743,USRC11803252
3CPekxLofiPyJFmEgGAgqC,0.0551,0.445,0.805,0.105,1,0.0821,-8.434,1,0.0929,119.988,0.0921,GBK3W1901076
7yNf9YjeO5JXUE3JEBgnYc,0.114,0.762,0.604,0.0,7,0.0271,-5.296,0,0.11,168.007,0.847,USQX91802457
1xfFPJdRjgDAaMcDgbXwyh,0.147,0.776,0.388,0.0,0,0.394,-9.143,1,0.282,75.01,0.294,USUYG1144807
3xkHsmpQCBMytMJNiDf3Ii,0.151,0.472,0.471,0.0,10,0.14,-5.692,1,0.0603,105.029,0.219,USWB12307016
2PIcAQiSOayFwJrfWc72Qc,0.00377,0.583,0.921,0.462,4,0.226,-8.383,1,0.0697,125.98,0.222,GBK3W1000336
7rWpSbLgcaWXsvS4o9wJXD,4.99e-05,0.387,0.919,0.578,4,0.293,-6.585,0,0.0454,149.993,0.483,GBCEL1200129
7F1xUyDoz9vSbwSaCryT5x,0.00438,0.761,0.854,0.00615,11,0.315,-3.405,0,0.0521,101.968,0.856,USA2P2401578
54wX7jxwKL2TQS9itIIMyJ,0.000329,0.603,0.728,0.00255,7,0.0944,-5.366,0,0.0302,110.936,0.288,GBUM72309267
3udJxehBCZ27wRO9gSum4B,0.00738,0.58,0.434,0.000129,8,0.105,-10.708,1,0.0479,139.082,0.536,GBUM71904158
5a8z2vyIDKMh5qcRG6w9wu,0.00807,0.97,0.707,0.0,1,0.314,-5.497,1,0.259,124.974,0.408,QZTB22388736
2vy48b6ad55AzooT8Mg2nY,0.0159,0.463,0.704,0.0109,0,0.118,-5.264,1,0.0434,117.059,0.198,GBK3W2001633
2BwO5K8Q7EPAJSGze3AAh9,0.0987,0.73,0.686,0.0,7,0.317,-5.107,1,0.0615,123.014,0.839,USUM72504354
2fwz9mBaELJCzXuEEEe35Y,0.128,0.608,0.708,8.65e-05,6,0.821,-5.682,1,0.244,75.048,0.798,USAT22000414
6GyFP1nfCDB8lbD2bG0Hq9,0.0182,0.507,0.729,1.4e-06,11,0.0658,-5.399,0,0.0393,105.013,0.272,GB55H1100002
7gKxCvTDWwV9wBhdeBbr3l,0.406,0.761,0.737,0.00166,0,0.364,-6.869,1,0.049,131.998,0.738,GBUM72502230
33nOHyNeOKwwjKMrF9VN4V,0.0765,0.744,0.952,0.79,11,0.161,-5.49,0,0.0719,145.061,0.562,QMBZ92546828
3oTuTpF1F3A7rEC6RKsMRz,0.236,0.796,0.741,0.0619,1,0.103,-6.815,1,0.0789,107.0,0.249,GBUM72506029
5IMpnpD0tQVcqWlVIgtAtV,0.735,0.615,0.327,3.09e-05,6,0.112,-8.13,0,0.0332,143.198,0.382,USAT22600011
7ogpGbKc4Io6NCU6ydxXwZ,0.139,0.77,0.778,0.0,10,0.307,-5.546,0,0.046,107.97,0.762,USAT22600670
6f68Ac5tt5BQOpwr0BV9oN,0.0536,0.786,0.713,0.0,5,0.133,-6.193,1,0.0326,102.997,0.879,USAT22509144
16nInJWX6Qe7QXYkMN3sJr,0.677,0.807,0.61,4.54e-05,7,0.133,-9.933,0,0.356,163.993,0.331,SE5751860722
0kj8iOWDgQqiRbDWQSJsWb,0.116,0.808,0.448,5.33e-06,10,0.148,-6.192,0,0.0866,124.011,0.602,USRC11903651
5DrkhJaGka08ZK6QyuMK0W,0.000288,0.255,0.946,0.000565,9,0.196,-4.876,1,0.152,155.967,0.223,USBQU1800062
2RkZ5LkEzeHGRsmDqKwmaJ,0.704,0.368,0.694,6.59e-06,2,0.055,-6.141,1,0.06,168.115,0.391,USAT22500463
2QUlMbvD9bL8wHqfsoqoet,0.0537,0.661,0.73,3.44e-05,6,0.14,-6.779,0,0.0574,95.027,0.53,GBCEL1300397
3sK8wGT43QFpWrvNQsrQya,0.177,0.625,0.131,0.218,7,0.0807,-27.405,0,0.0717,136.02,0.032,QMFMF2447070
6r4aDudAgH1fdtmNNNXR3N,0.0805,0.6,0.468,0.762,7,0.103,-9.135,0,0.0309,131.971,0.0811,QZQAY2495088
09ttHg3ZNVgDlYBZa1ZBw0,0.0656,0.511,0.862,1.86e-06,10,0.0939,-5.677,1,0.0659,98.021,0.361,GBBKS2400079
2Ud3deeqLAG988pfW0Kwcl,0.148,0.701,0.788,0.625,2,0.0977,-5.611,1,0.0425,142.584,0.795,US4GE0600018
4oXg7xT4ksBxHTx8PcmSXw,0.0477,0.598,0.854,0.338,1,0.0934,-7.584,1,0.0422,94.458,0.844,GBSTK0700001
4wajJ1o7jWIg62YqpkHC7S,0.772,0.531,0.61,0.756,11,0.0908,-8.025,0,0.0387,152.958,0.199,GBSTK0700004
260Ub1Yuj4CobdISTOBvM9,0.000927,0.721,0.701,0.026,2,0.234,-5.941,1,0.0306,130.091,0.892,GBCEL2100487
5crY7axm3GejOxy5PsnnPk,0.0219,0.576,0.796,0.000151,2,0.11,-5.1,1,0.0375,101.093,0.589,GBUM72301930
6INLpBxo9F5QMer04VXEnd,0.00142,0.43,0.625,0.66,0,0.125,-6.201,1,0.0295,111.88,0.164,FRS639700560
2LMloFiV7DHpBhITOaBSam,0.000413,0.406,0.682,0.849,7,0.0999,-6.281,1,0.0584,82.495,0.623,USRC10100768
4Hff1IjRbLGeLgFgxvHflk,0.0229,0.76,0.891,0.0869,11,0.298,-5.852,0,0.0372,120.264,0.966,GBAYE0500178
0LtOwyZoSNZKJWHqjzADpW,0.0277,0.303,0.9,0.635,2,0.11,-2.352,0,0.0574,149.508,0.491,AUUM71200493
0je57Uq5eTk1wrPzn9sWbl,0.231,0.696,0.665,0.0,5,0.33,-4.559,1,0.13,89.136,0.573,USUM72504446
3y1EzRl5UEQxxd1f6Bv2aN,0.189,0.646,0.759,0.0977,10,0.103,-4.34,1,0.0314,91.999,0.423,USBS51300075
2gYTC8DsplN3RNdpdBcCOQ,0.76,0.523,0.429,4.27e-06,5,0.349,-4.642,0,0.0288,82.457,0.247,USUG12508560
65DbTqJKhbwqYbZ1Okr0rc,0.00939,0.683,0.78,0.0,1,0.194,-4.74,1,0.031,112.027,0.486,USSM12504190
0lRnxwJeUOxwEvWMw4uQKj,0.0126,0.774,0.558,0.00306,1,0.0619,-5.799,1,0.0421,127.975,0.493,US39N2510213
4Q0qVhFQa7j6jRKzo3HDmP,0.0163,0.631,0.72,0.0,1,0.347,-6.152,1,0.0655,95.011,0.394,GBAHS2500262
57Z6TJCTMACXxdrcwZ3Zvf,0.0185,0.875,0.525,0.000454,1,0.112,-4.2,1,0.129,140.006,0.315,QZHN32557300
3THVfoVD5kdCxPviVaCPi7,0.00764,0.689,0.94,0.0,2,0.171,-1.849,1,0.0605,130.056,0.844,USUM72512688
57ENogEkvFsU7Wmt3lvQMG,0.0949,0.79,0.625,0.0,11,0.19,-6.319,0,0.206,81.975,0.436,USUG12600536
024GxR7aMUMCPtp8Y3c1zn,0.0162,0.596,0.869,0.0,1,0.0629,-4.348,1,0.0635,118.039,0.34,GBARL2600033
0FlcmZ13DGRmscCroro9GO,0.222,0.828,0.479,0.0,8,0.159,-3.688,1,0.0734,145.944,0.696,USAT22600118
77zqs8ucHCSk5jh9TYec4b,0.00891,0.549,0.678,0.0,11,0.142,-5.011,1,0.0298,80.527,0.341,USUM72600177
7cjoZVmWe2xsGR4wcXiV2v,0.00777,0.634,0.731,0.0,11,0.168,-7.801,0,0.205,133.146,0.354,NL8RL2584094
7sOU63ay88RLvacLn4Gra1,0.172,0.663,0.465,0.0,10,0.183,-6.386,1,0.0428,94.915,0.18,GBARL2600149
2J051fjLklkoPbzOoTAACZ,0.015,0.678,0.814,0.0,1,0.104,-6.065,1,0.0294,119.974,0.857,USUM72500706
1MoA0TNVdveasxnR6c2JqZ,0.0102,0.547,0.878,0.0,7,0.0885,-4.563,1,0.0446,134.978,0.452,USBQU2100088
2jjwQENSoGnYbQEK4acuC6,0.121,0.86,0.585,9.41e-05,6,0.0753,-5.409,1,0.0524,122.002,0.935,QMFMF2426857
78nx0HDJIFD5xDq2L5420Z,0.0022,0.721,0.875,0.0285,11,0.0888,-4.125,0,0.0557,129.913,0.642,GBARL2500591
6PTgSuFz9JqQ1o0jTYOuvX,0.00443,0.831,0.802,0.000124,0,0.368,-5.779,1,0.0807,128.085,0.403,GBARL2500597
5vXPLxljVKyHDHuv3kIuKV,0.039,0.351,0.624,0.0,7,0.0841,-3.781,1,0.0395,197.811,0.325,DEUM72504276
0WsC4ETIXyiHDMXRaPMvKe,0.0913,0.713,0.413,0.00688,2,0.141,-8.091,1,0.0975,88.503,0.377,USAT22505814
1fTtPH0xGwFOXM5VlkxOX1,0.0474,0.627,0.859,0.852,1,0.109,-6.321,1,0.0328,116.019,0.133,USAT20903254
0nsIevK1SeDfZzDOi6Si75,0.0276,0.529,0.356,0.0,4,0.108,-10.942,1,0.0288,94.952,0.223,GBKPL2143428
0iO2iCAjtX0t5duvczNQt6,0.448,0.522,0.42,0.0,5,0.137,-6.805,0,0.0997,141.693,0.326,QMDA62229905
2OoKzfr7RB5o9cxHArUoIS,0.00183,0.506,0.746,0.0,7,0.109,-7.385,0,0.0307,130.997,0.299,GBBPW1900280
1PXFfzpFDvSc0MU1FkB9fv,0.000116,0.734,0.705,0.00234,11,0.112,-5.757,1,0.0401,96.031,0.445,GBUM72301887
5iItYl3Q6wCnKVfpK1uNVf,0.0565,0.619,0.686,0.0237,6,0.142,-6.125,0,0.0265,117.777,0.538,GBUM71018417
5ZdqVCiXrvMGpY8cux5g8t,0.337,0.764,0.44,0.0,11,0.542,-5.009,0,0.0619,92.021,0.844,GBUM72308240
35ISBknsCeZQtq66xABI9g,0.11,0.798,0.562,0.00606,9,0.122,-5.913,1,0.0375,110.991,0.647,GBUM72401610
4dk40nfaQav6b4ZsJ9OYUo,0.00487,0.637,0.85,0.00018,0,0.152,-5.054,1,0.0351,126.106,0.52,GBBBN0102488
6aBUnkXuCEQQHAlTokv9or,0.331,0.942,0.641,0.179,7,0.028,-10.15,1,0.0333,114.443,0.966,USWB10502911
1BxfuPKGuaTgP7aM0Bbdwr,0.117,0.552,0.702,2.06e-05,9,0.105,-5.707,1,0.157,169.994,0.564,USUG11901472
3Y1EvIgEVw51XtgNEgpz5c,0.00298,0.706,0.698,0.00375,10,0.116,-5.679,1,0.0537,130.013,0.648,USAT22313737
0620OecAlwJQxWieRW4L9s,0.978,0.567,0.175,2.14e-05,2,0.103,-17.466,0,0.0483,135.521,0.229,GB01A0600023
5fbQCQt91LsVgXusFS0CCD,0.00033,0.32,0.798,0.692,10,0.176,-7.078,0,0.124,84.696,0.74,GBAAP0600160
1FvDJ9KGxcqwv1utyPL3JZ,0.00509,0.611,0.846,0.0,11,0.0784,-5.9,1,0.0436,103.912,0.751,GBCRL1100240
0ug5NqcwcFR2xrfTkc7k8e,0.00245,0.588,0.791,0.00258,7,0.118,-5.595,1,0.0402,94.933,0.487,USCJY1431319
2B664ulJSVBd6B8SAY3Wux,0.0205,0.598,0.924,0.799,6,0.17,-4.974,0,0.0623,168.017,0.611,GBKPL2284406
37pKTyMwalomKCZjxTc2QZ,0.00196,0.49,0.652,6.24e-05,2,0.0991,-5.813,1,0.0274,90.085,0.339,GBAFL9000062
1jgTiNob5cVyXeJ3WgX5bL,0.36,0.623,0.627,0.0,2,0.116,-6.685,1,0.0448,81.995,0.565,USUG12506437
5eXgqtg3T8Av0m1FUaGHex,0.261,0.541,0.54,0.0,0,0.494,-7.589,1,0.143,157.44,0.494,USUG12506447
0t1fdMrn7JOg9DDsT95bxt,0.145,0.589,0.873,0.000226,6,0.153,-4.509,1,0.0313,104.031,0.966,USWB12501938
6tHVEMyRfxGgQuXRzl2yOF,0.902,0.392,0.148,0.000149,7,0.112,-15.984,1,0.0438,181.387,0.218,GBUM72503094
2yWlGEgEfPot0lv3OAjuG3,0.0767,0.656,0.796,0.0,9,0.509,-5.856,0,0.113,129.956,0.425,USAT22503497
2uvLpXs8bZAjee0l3KNnhx,0.00136,0.546,0.871,0.0498,7,0.178,-5.507,1,0.0447,134.102,0.46,USSM12503835
5INY1sXYVmFCN5I6cbwdmk,0.191,0.657,0.47,0.0,2,0.051,-6.148,1,0.034,115.913,0.351,USUM72504451
7HXzuAd8UNJj2yCAS0NWbB,0.382,0.77,0.462,0.00139,0,0.093,-9.602,1,0.0421,122.998,0.596,GBAZP2500234
0cQjawSUdvCmCjJDeqPkt1,0.00303,0.764,0.83,0.465,11,0.662,-6.002,1,0.0553,140.971,0.129,GBPVV2500138
5773KSWFzg9kCc8yazjbSt,0.055,0.603,0.864,0.00493,4,0.0986,-3.341,0,0.0668,160.488,0.616,TCABE1211301
541sN2qNfIlllGn9nGOQoC,0.354,0.452,0.737,0.0,6,0.105,-6.22,1,0.27,147.822,0.179,USRC12403577
6A18pcBX8QZGwI8EkR7aIP,0.0151,0.321,0.669,1.13e-06,7,0.289,-6.24,1,0.0535,137.806,0.161,USRC12500271
2uvE4L5ZsYKpv8hbK4TIOt,0.216,0.572,0.455,3.88e-06,1,0.072,-8.078,1,0.134,179.787,0.597,USUM72409025
3ld1FzyNgpZwGn4h9cOXrq,0.148,0.796,0.698,0.0,0,0.129,-6.947,1,0.0312,114.014,0.794,USAT22408814
7hGCCQkdyF1MX6uk339uBS,0.352,0.603,0.612,2.68e-05,0,0.103,-6.732,1,0.159,126.612,0.174,NZUM72500008
0vtgMfyOVM2Y97DcVVJw3m,0.41,0.574,0.632,0.00735,0,0.112,-5.756,1,0.0618,139.914,0.304,NZUM72500022
5IOucMoMeoBw64mEQ68MjE,0.52,0.542,0.39,0.0,9,0.247,-7.531,1,0.918,187.381,0.396,NZUM72500026
6wHpLMmp98aHcV8L1JFrj8,0.577,0.62,0.423,0.0,7,0.122,-7.848,0,0.0403,137.684,0.425,USAT22503779
29iva9idM6rFCPUlu7Rhxl,0.802,0.446,0.301,0.000164,7,0.105,-12.748,0,0.218,80.572,0.589,USUG12506174
1u8c2t2Cy7UBoG4ArRcF5g,0.103,0.76,0.703,0.0,5,0.0913,-5.412,1,0.054,95.997,0.57,USCJY1431309
1W5XugQJGhnSATMI5n002M,0.0352,0.615,0.931,2.23e-05,3,0.0915,-7.8,1,0.273,137.544,0.525,GBAYE0000817
4fQVQKIiidREPI0MhFEuDn,0.122,0.717,0.51,0.0323,4,0.127,-8.389,0,0.067,124.533,0.48,FRUM70600211
2dLLR6qlu5UJ5gk0dKz0h3,0.12,0.674,0.426,0.0,7,0.132,-9.504,1,0.122,84.876,0.337,NZUM71200031
3lIxtCaROdRDuTnNBDm3n2,0.00799,0.726,0.815,0.081,11,0.112,-5.886,1,0.0313,140.158,0.462,GBAYE1700176
1UYj8qTWjneZJDVjUMwMub,0.000296,0.547,0.827,0.101,7,0.0858,-6.036,1,0.0468,119.089,0.451,AUUM71500304
49Hkgl03InFFqBklOQxunt,0.00373,0.775,0.736,0.00669,0,0.506,-4.966,1,0.0303,126.966,0.778,AUEI10800040
4pWIwnnqx8k01fuF95UMIg,0.00443,0.342,0.976,0.0175,2,0.0974,-4.986,1,0.0573,166.663,0.733,GBSTK0700002
2MvvoeRt8NcOXWESkxWn3g,0.534,0.525,0.472,0.614,4,0.11,-9.277,1,0.0739,127.945,0.0424,NZUM71300122
0w5Bdu51Ka25Pf3hojsKHh,0.00647,0.695,0.818,4.87e-06,5,0.0219,-5.379,0,0.0334,119.965,0.916,USAT21700948
4prEPl61C8qZpeo3IkYSMl,0.0892,0.568,0.719,1.84e-06,8,0.233,-5.406,1,0.0354,106.036,0.539,USSM10901014
4J4pysp2EFNhYibI8tIg0D,0.00286,0.498,0.856,1.92e-06,4,0.469,-5.397,0,0.045,123.088,0.626,GBBKS2400080
0t4z0WaQomQqPONghWn8c2,0.0285,0.628,0.841,0.00332,9,0.254,-4.583,1,0.0268,111.985,0.706,USSM11707037
7d23MhPFE9eB3U8DPRirnL,0.0131,0.642,0.931,0.825,1,0.215,-4.142,1,0.0417,152.005,0.548,GBAHS1100389
3awweDjWIuXNMogMClJnvE,0.352,0.716,0.545,0.00369,0,0.101,-6.949,0,0.0329,98.23,0.826,USA2P2416224
5gSHlT2SI0dtjeHrjj96A1,0.288,0.622,0.693,1.06e-06,7,0.136,-8.619,1,0.0274,109.055,0.843,GB01A9000004
3SeDS5sSoWnwAZvVgkdKzf,0.283,0.678,0.64,0.00067,9,0.682,-7.486,1,0.0268,90.058,0.701,QM5BK1900509
5c9tBmJKbTdn1vhzXHeAwW,0.0539,0.718,0.706,0.0,7,0.41,-5.596,0,0.0587,131.943,0.58,USAT22401343
04uR2cdkgiaLIzebPcs25m,0.3,0.526,0.723,0.00698,5,0.058,-5.59,1,0.0294,159.685,0.744,GBBPW0900065
