track_id,title,artist,artist_all,album,added_at,playlist_name,user_label,acousticness,danceability,energy,instrumentalness,key,liveness,loudness,mode,speechiness,tempo,valence,isrc
2fEhqGeXcGiJs3WmqysJ8X,Ethel,The Murder Capital,The Murder Capital,Gigi's Recovery,2026-01-22 07:33:04+00:00,Neutral,neutral,0.00715,0.569,0.681,4.41e-05,0.0,0.117,-8.506,1.0,0.0354,120.06,0.227,QZFQE2200004
2SUsQuZgiMMHKWbOY1ZB21,rooster,bar italia,bar italia,Some Like It Hot,2026-01-22 07:33:13+00:00,Like,like,,,,,,,,,,,,
2mQNBBeUUjzkEyQFibqePn,Deadlines (Thoughtful),Car Seat Headrest,Car Seat Headrest,Making a Door Less Open,2026-01-22 07:33:19+00:00,Like,like,0.00516,0.621,0.54,0.000712,2.0,0.161,-8.055,1.0,0.0663,114.982,0.0398,USMTD2000192
4qYvkWQqCcIWEBWekegE4y,Gospel For A New Century,Yves Tumor,Yves Tumor,Heaven To A Tortured Mind,2026-01-22 07:34:01+00:00,Like,like,0.00181,0.567,0.726,3.06e-06,0.0,0.103,-6.715,1.0,0.0548,178.09,0.715,GBBPW1900277
65qpo8Xop4WCkjGX2wjIAy,Chewing Gum,Amyl and The Sniffers,Amyl and The Sniffers,Cartoon Darkness,2026-01-22 07:34:26+00:00,Like,like,,,,,,,,,,,,
4kAnrSFanaSI2zpzRPOy0F,Top Of The Bill,Gurriers,Gurriers,Come And See,2026-01-22 07:34:34+00:00,Neutral,neutral,0.0085,0.521,0.823,0.0599,8.0,0.208,-5.317,0.0,0.0336,126.041,0.591,GXCT62400006
5cZqsjVs6MevCnAkasbEOX,Break Stuff,Limp Bizkit,Limp Bizkit,Significant Other,2026-01-22 07:34:44+00:00,Like,like,0.0128,0.432,0.884,0.000457,8.0,0.166,-6.657,1.0,0.128,108.835,0.619,USIR19902309
1SlxMFZexm81T0tUK6mwni,Watch The World Burn,Falling In Reverse,Falling In Reverse,Popular Monster,2026-01-22 07:34:52+00:00,Dislike,dislike,0.0135,0.394,0.784,0.0,10.0,0.216,-5.902,0.0,0.132,161.95,0.341,USEP42231004
5UWwZ5lm5PKu6eKsHAGxOk,Everlong,Foo Fighters,Foo Fighters,The Colour And The Shape,2026-01-22 07:34:59+00:00,Like,like,5.99e-05,0.413,0.881,0.000308,11.0,0.0805,-5.541,0.0,0.0367,158.066,0.364,USRW29600011
7G5xEOORkAAUhx6wjTRb26,Gay Bar,Electric Six,Electric Six,Fire,2026-01-22 07:35:14+00:00,Like,like,0.000114,0.399,0.975,0.000624,7.0,0.152,-5.237,1.0,0.0991,171.971,0.319,GBBKS0200646
4o4uaxD9uSqnSzvig1qYTs,Family Matters,Skye Newman,Skye Newman,Family Matters,2026-01-22 07:35:23+00:00,Dislike,dislike,0.687,0.529,0.557,0.0,0.0,0.181,-7.613,0.0,0.116,86.688,0.565,GBARL2500556
1o82DwNisONAd2mu1RcGE6,Margaret (feat. Bleachers),Lana Del Rey,Lana Del Rey / Bleachers,Did you know that there's a tunnel under Ocean Blvd,2026-01-22 07:35:28+00:00,Like,like,0.969,0.34,0.245,0.0992,9.0,0.0633,-13.352,1.0,0.0319,103.777,0.192,GBUM72206760
12bYYQaLqHliSXvRIYlq8G,I Just Might,Bruno Mars,Bruno Mars,I Just Might,2026-01-22 07:36:02+00:00,Dislike,dislike,0.0541,0.786,0.713,0.0,5.0,0.133,-6.193,1.0,0.0327,102.997,0.876,USAT22509144
53iuhJlwXhSER5J2IYYv1W,The Fate of Ophelia,Taylor Swift,Taylor Swift,The Life of a Showgirl,2026-01-22 07:36:07+00:00,Dislike,dislike,0.265,0.726,0.598,0.0,5.0,0.102,-5.179,1.0,0.0291,123.921,0.519,USUG12506436
55lijDD6OAjLFFUHU9tcDm,WHERE IS MY HUSBAND!,RAYE,RAYE,WHERE IS MY HUSBAND!,2026-01-22 07:36:22+00:00,Like,like,0.0599,0.39,0.781,0.0,8.0,0.14,-7.04,1.0,0.0918,115.939,0.628,QMFME2535037
2kvgmr5CFhSvleQqTjB3eP,Lush Life,Zara Larsson,Zara Larsson,So Good,2026-01-22 07:36:26+00:00,Dislike,dislike,,,,,,,,,,,,
1CPZ5BxNNd0n0nF4Orb9JS,Golden,HUNTR/X,HUNTR/X / EJAE / AUDREY NUNA / REI AMI / KPop Demon Hunters Cast,KPop Demon Hunters (Soundtrack from the Netflix Film),2026-01-22 07:36:32+00:00,Dislike,dislike,0.0966,0.651,0.686,0.0,4.0,0.185,-4.371,0.0,0.0616,122.715,0.104,QZ8BZ2513510
7qjZnBKE73H4Oxkopwulqe,back to friends,sombr,sombr,I Barely Know Her,2026-01-22 07:36:51+00:00,Dislike,dislike,9.37e-05,0.436,0.723,8.82e-05,1.0,0.0929,-2.291,1.0,0.0301,92.855,0.235,USWB12405502
3cZajhyr8LmtPfHZ9296tj,No Broke Boys,Disco Lines,Disco Lines / Tinashe,No Broke Boys,2026-01-22 07:37:31+00:00,Neutral,neutral,0.34,0.767,0.834,0.111,1.0,0.0901,-7.415,0.0,0.0315,130.999,0.962,USAT22504362
003vvx7Niy0yvhvHt4a68B,Mr. Brightside,The Killers,The Killers,Hot Fuss,2026-01-22 07:37:37+00:00,Neutral,neutral,0.00121,0.352,0.911,0.0,1.0,0.0995,-5.23,1.0,0.0747,148.033,0.236,USIR20400274
1PtQJZVZIdWIYdARpZRDFO,Running Up That Hill (A Deal With God),Kate Bush,Kate Bush,Hounds Of Love,2026-01-22 07:38:42+00:00,Like,like,0.719,0.629,0.545,0.00308,10.0,0.0604,-13.123,0.0,0.0546,108.376,0.194,GBCNR8500002
6qqrTXSdwiJaq8SO0X2lSe,Ordinary,Alex Warren,Alex Warren,Ordinary,2026-01-22 07:38:52+00:00,Dislike,dislike,0.739,0.446,0.682,9.51e-06,2.0,0.0562,-6.229,1.0,0.0497,112.252,0.382,USAT22500463
1WwQ714xuznu44tEnkem2g,I Run,HAVEN.,HAVEN. / Kaitlin Aragon,I Run,2026-01-22 07:38:59+00:00,Dislike,dislike,0.00172,0.702,0.822,0.00321,8.0,0.244,-3.077,0.0,0.0419,138.18,0.31,CA5KR2603887
3LmlegS3av5opwiIMVDbgI,Liquorice,Azealia Banks,Azealia Banks,1991 - EP,2026-01-22 07:39:39+00:00,Like,like,6.07e-05,0.679,0.788,2.1e-06,5.0,0.0783,-9.361,0.0,0.0509,126.998,0.319,TCADT1876101
0rQ04MNZfVfIJYhvm6EG8I,MAM,KNEECAP,KNEECAP / Dyrt,MAM,2026-01-22 07:39:53+00:00,Neutral,neutral,0.037,0.825,0.643,0.0,11.0,0.101,-7.526,0.0,0.052,129.932,0.693,QZNWW2013846
2ghSaPTZNyvntrHYB8cPew,Eight,Grimes,Grimes,Visions,2026-01-22 07:40:38+00:00,Neutral,neutral,0.0638,0.654,0.697,3.13e-05,10.0,0.109,-10.136,0.0,0.141,103.03,0.568,CA21O1200004
1GpM5w7maS7MGVkZdg6jPE,Madeline,Lily Allen,Lily Allen,West End Girl,2026-01-22 07:41:05+00:00,Neutral,neutral,0.136,0.689,0.503,0.0,9.0,0.586,-8.277,0.0,0.0416,122.068,0.481,GB5KW2501370
0jGAm66ie0uOt7bYmXG64f,Lipstick On The Glass,Wolf Alice,Wolf Alice,Blue Weekend,2026-01-22 07:41:21+00:00,Like,like,0.0973,0.298,0.636,0.154,7.0,0.107,-5.981,1.0,0.04,94.088,0.193,GBK3W2001630
2Y5AkPcCKN01ck6xDtOnoJ,24 Hours,Sky Ferreira,Sky Ferreira,"Night Time, My Time",2026-01-22 07:42:04+00:00,Neutral,neutral,0.0301,0.519,0.873,0.0,6.0,0.276,-3.555,0.0,0.0393,108.246,0.241,USUM71306187
0cAFtuZPD4sKl0X1R3dFin,Artificial Angels,Grimes,Grimes,Artificial Angels,2026-01-22 07:42:10+00:00,Dislike,dislike,,,,,,,,,,,,
2YBdJ1ZjoY809ZRhidoQxg,dance 2,Oklou,Oklou,choke enough (Deluxe),2026-01-22 07:42:33+00:00,Dislike,dislike,,,,,,,,,,,,
1FKkOiN5akroSoNPJ07FFL,Tell Me,Sassy 009,Sassy 009 / Blood Orange,Dreamer+,2026-01-22 07:44:16+00:00,Neutral,neutral,,,,,,,,,,,,
40ATtBjYoYuJxKGfrqJwJl,Human Happens,Magdalena Bay,Magdalena Bay,Human Happens / Paint Me A Picture,2026-01-22 07:44:25+00:00,Like,like,,,,,,,,,,,,
3n3rG8qFRwBgl0N7LzNeem,u and me at home,Wet Leg,Wet Leg,moisturizer,2026-01-22 07:44:30+00:00,Like,like,0.000235,0.589,0.788,0.0137,7.0,0.0845,-5.851,1.0,0.0348,133.973,0.552,GBCEL2400968
6EUjksHprxyLw7dbNZtACA,Stateside + Bladee,PinkPantheress,PinkPantheress / Bladee,Fancy Some More?,2026-01-22 07:44:37+00:00,Dislike,dislike,0.0115,0.463,0.884,1.89e-05,1.0,0.0954,-5.159,1.0,0.0343,149.048,0.578,GBAYE2501216
0I49aN2b9qfw1UWtctmNtr,Spring Is Coming With A Strawberry In The Mouth,Caroline Polachek,Caroline Polachek,"Desire, I Want To Turn Into You: Everasking Edition",2026-01-22 07:44:47+00:00,Like,like,0.0849,0.706,0.803,0.0354,0.0,0.0678,-5.874,0.0,0.0339,118.988,0.482,QM4TW2488735
3obedb2fnHaTE8bPlr9TNK,Chains of Love,Charli xcx,Charli xcx,Chains of Love,2026-01-22 07:44:52+00:00,Like,like,0.4,0.318,0.568,0.000238,5.0,0.21,-4.261,1.0,0.0317,68.506,0.213,USAT22508695
3d5z2JmzB2W97ERw1Q09f0,Lovely Sewer,Yves Tumor,Yves Tumor,"Praise A Lord Who Chews But Which Does Not Consume; (Or Simply, Hot Between Worlds)",2026-01-22 07:44:58+00:00,Like,like,0.00179,0.592,0.727,0.00089,11.0,0.184,-6.457,0.0,0.0291,137.959,0.432,GBBPW2200170
7qLc5KYxAvBPgjUkqUozVn,liquidize,Wet Leg,Wet Leg,moisturizer,2026-01-22 07:45:07+00:00,Neutral,neutral,0.00566,0.572,0.715,0.0106,1.0,0.251,-6.591,0.0,0.0287,125.083,0.624,GBCEL2400958
4lC5STpnrBm7aXMls2zGqJ,The Scythe,The Last Dinner Party,The Last Dinner Party,From The Pyre,2026-01-22 07:45:16+00:00,Neutral,neutral,0.0188,0.459,0.46,0.000357,4.0,0.108,-8.372,1.0,0.0289,98.367,0.0547,GBUM72504041
3wEAaX6X3HCKrN3O2xmVQD,Wall of Sound,Charli xcx,Charli xcx,Wall of Sound,2026-01-22 07:45:32+00:00,Neutral,neutral,0.531,0.22,0.58,0.00181,3.0,0.268,-7.624,1.0,0.0477,95.71,0.382,USAT22600028
42VUCXerQ5qTr4Qp6PhKo4,Tears,Sabrina Carpenter,Sabrina Carpenter,Man’s Best Friend,2026-01-22 07:45:40+00:00,Dislike,dislike,0.0204,0.699,0.876,0.000105,0.0,0.0307,-4.855,1.0,0.0514,113.036,0.485,USUM72504355
5qfUHPJTEINmlf990O9NqB,R&B - Theo Verney Version,English Teacher,English Teacher,R&B (Theo Verney Version),2026-01-22 07:46:06+00:00,Like,like,0.000235,0.59,0.805,0.538,0.0,0.247,-5.647,1.0,0.0338,150.976,0.769,UKJ7P2000024
1o1x4gUntwc9sqeMDWR9eE,Bassline Junkie,Dizzee Rascal,Dizzee Rascal,The Fifth (Deluxe),2026-01-22 07:47:03+00:00,Like,like,0.00875,0.919,0.543,0.0,8.0,0.104,-2.609,1.0,0.348,138.889,0.856,GBUM71207987
3VkA16jPKWOs7BIU5AWjyb,No Comment,KNEECAP,KNEECAP / Sub Focus,No Comment,2026-01-22 07:47:09+00:00,Neutral,neutral,,,,,,,,,,,,
0MXmiqd7zoXxv6Gqn9ahhQ,Bug,Fontaines D.C.,Fontaines D.C.,Romance,2026-01-22 07:47:15+00:00,Like,like,0.026,0.551,0.839,0.0,4.0,0.0935,-4.134,0.0,0.028,131.043,0.604,GBBKS2400083
5cghqtgljxpGJ1XeXAIK4p,You (Ha Ha Ha),Charli xcx,Charli xcx,True Romance,2026-01-22 07:47:29+00:00,Neutral,neutral,0.000225,0.496,0.887,0.0384,11.0,0.0885,-4.533,1.0,0.056,91.074,0.633,GBAHS1300101
7DscWF0Zc73WJM6oByq17m,Death & Romance,Magdalena Bay,Magdalena Bay,Imaginal Disk,2026-01-22 07:47:34+00:00,Like,like,,,,,,,,,,,,
173kMYy5NX6OLGXi3256mT,Caught in the Blink of an Eye,Ladytron,Ladytron,Caught in the Blink of an Eye,2026-01-22 07:47:44+00:00,Dislike,dislike,,,,,,,,,,,,
4Uiw0Sl9yskBaC6P4DcdVD,Be Quiet and Drive (Far Away),Deftones,Deftones,Around the Fur,2026-01-22 07:47:50+00:00,Like,like,9.91e-06,0.206,0.965,0.827,1.0,0.367,-5.116,1.0,0.079,92.615,0.168,USMV29700147
68FuXWn3fGYMB7sJzdRHPz,Please Please Please Let Me Get What I Want - 2005 Remaster,Deftones,Deftones,B-Sides & Rarities,2026-01-22 07:47:59+00:00,Neutral,neutral,4.02e-06,0.111,0.843,0.409,2.0,0.136,-4.645,1.0,0.0613,190.747,0.149,USMV20500178
2piywRQIsqCM9cei6ZYTkl,Bloom Baby Bloom,Wolf Alice,Wolf Alice,The Clearing,2026-01-22 07:48:09+00:00,Like,like,,,,,,,,,,,,
4KVYz4U1Vm3pvjhhhS1E6s,davina mccall,Wet Leg,Wet Leg,moisturizer,2026-01-22 07:48:13+00:00,Neutral,neutral,0.143,0.808,0.702,0.0036,4.0,0.105,-7.365,1.0,0.0303,123.014,0.67,GBCEL2400960
6h0UKzcHd8s5xjFIghKOHK,Alles,COMPUTER DATA,COMPUTER DATA,Alles,2026-01-22 07:48:27+00:00,Like,like,0.0842,0.809,0.685,0.918,4.0,0.0641,-10.194,0.0,0.0864,123.498,0.231,QZDA71848562
0XMO3PiZ4gtXRvIJCgHsLl,pokemon,Wet Leg,Wet Leg,moisturizer,2026-01-22 07:48:42+00:00,Like,like,0.326,0.707,0.563,0.13,9.0,0.108,-7.48,1.0,0.0338,81.508,0.436,GBCEL2400964
0y6CoVW1ZSBqRmPbyfhFQs,Looking at Your Pager,KH,KH,Looking at Your Pager,2026-01-22 07:48:48+00:00,Like,like,0.236,0.708,0.872,0.0661,11.0,0.108,-6.719,1.0,0.0336,140.063,0.742,GBCEN2200053
0M955bMOoilikPXwKLYpoi,I Hate Everything About You,Three Days Grace,Three Days Grace,Three Days Grace,2026-01-22 07:48:58+00:00,Neutral,neutral,,,,,,,,,,,,
5IXA8J6Xugs507nAzwSa5F,Sinner,The Last Dinner Party,The Last Dinner Party,Prelude to Ecstasy,2026-01-22 07:49:34+00:00,Like,like,0.00144,0.58,0.828,0.00927,7.0,0.0983,-4.713,1.0,0.0305,101.984,0.359,GBUM72305555
62ZspgOi379ykrVuC3GRBJ,This is the Killer Speaking,The Last Dinner Party,The Last Dinner Party,From The Pyre,2026-01-22 07:49:37+00:00,Neutral,neutral,0.00335,0.388,0.702,9.61e-06,6.0,0.472,-5.506,1.0,0.0422,122.996,0.412,GBUM72503675
0oeEqyEAavgPfFxDYvjAP6,Dissolved Girl,Massive Attack,Massive Attack / Sarah Jay Hawley,Mezzanine,2026-01-22 07:49:55+00:00,Like,like,0.0351,0.646,0.602,0.819,5.0,0.0635,-11.316,0.0,0.0281,131.994,0.662,GBAAA9800345
26vIeRYFA2Nh56W4jfkjp5,Talk of the Town,Fred again..,Fred again.. / Sammy Virji / Reggie,USB,2026-01-22 07:49:59+00:00,Neutral,neutral,0.00794,0.904,0.595,0.697,6.0,0.0948,-6.028,0.0,0.0774,129.93,0.794,GBAHS2501582
5W8YXBz9MTIDyrpYaCg2Ky,Last Resort,Papa Roach,Papa Roach,Infest,2026-01-22 07:50:13+00:00,Neutral,neutral,0.000481,0.589,0.89,0.00082,4.0,0.201,-3.719,0.0,0.06,90.586,0.687,USDW10021712
3v1d12O8WEj5H9eFID7HBn,HELICOPTER,A$AP Rocky,A$AP Rocky,HELICOPTER,2026-01-22 07:50:35+00:00,Dislike,dislike,0.000101,0.68,0.656,4.72e-05,1.0,0.107,-3.966,1.0,0.0314,134.029,0.229,USRC12502323
5FSvy2wYKnurBi0Nq3wR9F,PUNK ROCKY,A$AP Rocky,A$AP Rocky,PUNK ROCKY,2026-01-22 07:50:44+00:00,Neutral,neutral,,,,,,,,,,,,
7cucVWdmNeaPJuo7WkxaZ8,Boys in the Better Land,Fontaines D.C.,Fontaines D.C.,Dogrel,2026-01-22 07:51:01+00:00,Like,like,0.000292,0.392,0.973,2.35e-05,9.0,0.348,-5.02,1.0,0.0733,176.977,0.6,USBQU1800212
7DXGKFjM7GNkJd32oXstGY,ScheiBe,Lady Gaga,Lady Gaga,Born This Way (International Special Edition Version),2026-01-22 07:51:08+00:00,Like,like,0.0049,0.739,0.97,1.06e-06,5.0,0.273,-4.885,0.0,0.118,131.003,0.519,USUM71106448
1SjrfoUnv55TSi3m7EJLli,Like Eating Glass,Bloc Party,Bloc Party,Silent Alarm,2026-01-22 07:51:14+00:00,Like,like,0.00039,0.397,0.981,0.000204,6.0,0.127,-4.866,0.0,0.163,160.263,0.234,GBDNH0400383
1huN927tTdSiwF90FBHXkT,Immaterial,SOPHIE,SOPHIE,OIL OF EVERY PEARL'S UN-INSIDES,2026-01-22 07:51:24+00:00,Like,like,,,,,,,,,,,,
3pgwQNwEqbU12kLNXNDB7Q,gossip,Confidence Man,Confidence Man / JADE,gossip,2026-01-22 07:51:36+00:00,Neutral,neutral,,,,,,,,,,,,
27w0RH5IDt6xU3B2j7QOuy,Favourite,Fontaines D.C.,Fontaines D.C.,Romance,2026-01-22 07:51:53+00:00,Like,like,0.000114,0.353,0.875,1.13e-06,1.0,0.361,-5.14,0.0,0.0343,76.003,0.424,GBBKS2400088
3lfkTqCzn3UiaxmBbP6UEz,BIRDS OF A FEATHER - Live from BBC Maida Vale,English Teacher,English Teacher,Live from BBC Maida Vale,2026-01-22 07:52:04+00:00,Dislike,dislike,0.771,0.427,0.357,0.00756,0.0,0.11,-7.782,1.0,0.0357,102.908,0.251,GBCAD2401316
1wxpvuXrmx18gKm8AXeeCN,Famous Last Words,Malady,Malady,Famous Last Words,2026-01-22 07:52:15+00:00,Dislike,dislike,0.000337,0.556,0.865,7.55e-06,6.0,0.441,-5.694,0.0,0.0346,123.997,0.413,UKJ7P2000035
4h9x2ICDsuzxMwSJCkliLp,The righteous wrath of an honorable man,Colin Stetson,Colin Stetson,New History Warfare Vol. 2: Judges,2026-01-22 07:52:36+00:00,Neutral,neutral,0.834,0.337,0.538,0.918,0.0,0.534,-12.032,1.0,0.0545,97.314,0.224,CACQ21107512
2MqtHEaoMmfVMe3gjg7rQz,THE RECAP,KNEECAP,KNEECAP / Mozey,THE RECAP,2026-01-22 07:52:51+00:00,Like,like,0.0126,0.555,0.992,0.0,2.0,0.106,0.715,1.0,0.229,174.916,0.631,GBPVV2406399
4QpGrDM7EsvbeaZ5G1Nu3j,Count Contessa,Azealia Banks,Azealia Banks / Lone,Count Contessa,2026-01-22 07:52:58+00:00,Like,like,0.213,0.603,0.956,0.0,7.0,0.471,-6.006,1.0,0.4,129.979,0.419,TCAEO1960473
41MKI9RK2ltNcQF24dYLMW,"London, I Love You but You're Bringing Me Down",Malady,Malady,"London, I Love You But You're Bringing Me Down",2026-01-22 07:53:13+00:00,Neutral,neutral,0.00335,0.489,0.834,4.32e-06,8.0,0.267,-6.476,1.0,0.0436,133.97,0.312,UKJ7P2000001
73GeJojHqKJP8oHafhKxh6,She Way Out,The 1975,The 1975,The 1975 (Deluxe),2026-01-22 07:54:58+00:00,Like,like,0.00425,0.62,0.852,0.0,4.0,0.103,-4.737,0.0,0.035,116.974,0.236,GBK3W1000202
6GatnDEhYQLOdRzdVbJaky,Her,Majid Jordan,Majid Jordan,A Place Like This,2026-01-22 07:55:06+00:00,Neutral,neutral,,,,,,,,,,,,
3FtYbEfBqAlGO46NUDQSAt,Electric Feel,MGMT,MGMT,Oracular Spectacular,2026-01-22 07:55:16+00:00,Like,like,0.0709,0.763,0.803,0.285,1.0,0.348,-3.713,1.0,0.0351,103.04,0.561,USSM10702131
7CiZj5S4E5FVboR0yLVLzc,Original Nuttah 25 (feat. IRAH) - Chase & Status Remix,Uk Apache,Uk Apache / SHY FX / IRAH / Chase & Status,Original Nuttah 25,2026-01-22 07:58:17+00:00,Like,like,0.0258,0.425,0.894,1.56e-06,10.0,0.0996,-4.991,0.0,0.0762,115.412,0.171,UKPJQ1900018
3y6DzVmGrnOEftEgBKb3fq,Little Bit Closer,Sam Fender,Sam Fender,People Watching,2026-01-22 07:58:52+00:00,Dislike,dislike,0.000532,0.34,0.877,2.15e-06,7.0,0.374,-5.27,1.0,0.0405,161.816,0.497,GBUM72403255
51c94ac31swyDQj9B3Lzs3,Change (In the House of Flies),Deftones,Deftones,White Pony,2026-01-22 07:59:04+00:00,Like,like,0.000249,0.269,0.853,0.000246,7.0,0.118,-4.647,0.0,0.0854,141.581,0.179,USMV20000039
6jfPIohz2no6c2xpyLVRNp,Freaks To The Front,Amyl and The Sniffers,Amyl and The Sniffers,Comfort To Me,2026-01-22 07:59:11+00:00,Like,like,,,,,,,,,,,,
6EjGLBBBuEkjQniYBeDN7E,Down in the Basement,Viagra Boys,Viagra Boys,Street Worms,2026-01-22 07:59:21+00:00,Dislike,dislike,6.25e-05,0.532,0.944,0.492,7.0,0.0717,-3.032,1.0,0.0932,134.675,0.768,SE5AJ1600453
0AIpGG5dxEgnAymhdJRSZ0,Champagne Coast,Blood Orange,Blood Orange,Coastal Grooves,2026-01-22 07:59:31+00:00,Like,like,0.0203,0.813,0.406,0.392,9.0,0.0757,-12.626,1.0,0.0662,122.658,0.755,GBCEL1100251
2RdEC8Ff83WkX7kDVCHseE,party 4 u,Charli xcx,Charli xcx,how i'm feeling now,2026-01-22 07:59:38+00:00,Neutral,neutral,0.761,0.579,0.522,1.41e-05,1.0,0.655,-8.393,1.0,0.0993,79.453,0.245,GBAHS2000219
7oDDV1cal0M0RIjr4HuuJ9,Gouge Away,Pixies,Pixies,Doolittle,2026-01-22 07:59:59+00:00,Like,like,0.000892,0.658,0.475,0.0194,4.0,0.105,-12.688,1.0,0.033,125.747,0.461,GBAFL9700102
7tMF8Anyf7oIqQZSxE17do,Everybody Scream,Florence + The Machine,Florence + The Machine,Everybody Scream,2026-01-22 08:00:33+00:00,Dislike,dislike,0.0265,0.555,0.702,0.0004,11.0,0.161,-6.636,0.0,0.0673,120.023,0.104,USUM72507826
5z75fXqSd5jhRsV543Trxh,Silk,Wolf Alice,Wolf Alice,My Love Is Cool,2026-01-22 08:01:32+00:00,Neutral,neutral,,,,,,,,,,,,
0o2JLyPbVzGDVGSZ3MhPb7,I’ve Never Met Anyone I Thought I Could Really Love (Until I Met You),Westside Cowboy,Westside Cowboy,I’ve Never Met Anyone I Thought I Could Really Love (Until I Met You),2026-01-22 08:02:23+00:00,Neutral,neutral,0.00258,0.292,0.747,0.0105,7.0,0.28,-6.334,1.0,0.0445,170.8,0.377,DGA0P2468758
0oxYB9GoOIDrdzniNdKC44,When the Sun Hits,Slowdive,Slowdive,Souvlaki,2026-01-22 08:02:30+00:00,Like,like,0.00101,0.33,0.532,0.709,2.0,0.101,-11.764,1.0,0.0263,93.512,0.218,GBBQY0400041
2mdEsXPu8ZmkHRRtAdC09e,Cinnamon Girl,Lana Del Rey,Lana Del Rey,Norman Fucking Rockwell!,2026-01-22 08:02:36+00:00,Neutral,neutral,0.814,0.294,0.337,0.414,6.0,0.14,-10.614,0.0,0.036,91.781,0.135,GBUM71903147
6tZ3IrSvw2VEAEMJfGS7f9,Vandilero - Particle Remix,Sam Binga,Sam Binga / Redders / Particle,Vandilero - Particle Remix,2026-01-22 08:03:20+00:00,Neutral,neutral,0.0044,0.663,0.932,0.0232,11.0,0.299,-4.408,1.0,0.138,173.962,0.741,GBVPL1900060
1mgIlvtm1aQr6ei17gDALV,Loner Boogie,Boy Azooga,Boy Azooga,"1, 2, Kung Fu!",2026-01-22 08:03:50+00:00,Neutral,neutral,0.0139,0.427,0.958,0.0121,6.0,0.423,-5.133,1.0,0.115,178.029,0.553,GBPVV1702053
0mROspyBziPHPyxTPFvKaH,God Is A Weapon,Falling In Reverse,Falling In Reverse / Marilyn Manson,God Is A Weapon,2026-01-22 08:04:00+00:00,Dislike,dislike,,,,,,,,,,,,
4ULCzw8NZHsSZamatfq8IH,Baby Don't You Know,CIEL,CIEL,Baby Don't You Know,2026-01-22 08:05:21+00:00,Dislike,dislike,0.0428,0.546,0.944,0.108,7.0,0.381,-4.848,1.0,0.0436,121.023,0.751,UK95T2200011
0wu99QsiUQoR9coj3qY8Pa,Ring Doorbell,Magenta,Magenta / Logan D / Devilman / Harry Shotta / Mr Traumatik / Weejii,Ring Doorbell,2026-01-22 08:10:17+00:00,Neutral,neutral,,,,,,,,,,,,
3XdjmYHdNZkuN6FML8sTjH,Domino,Magdalena Bay,Magdalena Bay,Mercurial World,2026-01-22 08:14:47+00:00,Neutral,neutral,0.0112,0.708,0.694,0.766,10.0,0.179,-8.094,1.0,0.0313,139.988,0.458,QM6N22162303
3M8bJdRfYj1S5iKZIgwAnH,harvest sky,Oklou,Oklou / underscores,choke enough,2026-01-22 08:14:59+00:00,Dislike,dislike,,,,,,,,,,,,
7b2QNwTvP4QDP1MBn887AW,Nice to Know You + Sega Bodega,PinkPantheress,PinkPantheress / Sega Bodega,Fancy Some More?,2026-01-22 08:15:26+00:00,Dislike,dislike,0.267,0.69,0.731,0.0116,2.0,0.394,-9.639,0.0,0.0293,137.994,0.368,GBAYE2501226
4VxTzYm00mg82MuoT35Ja7,CHANEL,Tyla,Tyla,CHANEL,2026-01-22 17:36:48+00:00,Dislike,dislike,0.133,0.861,0.77,0.0,11.0,0.446,-4.977,0.0,0.0529,114.958,0.883,USSM12503648
0bxPRWprUVpQK0UFcddkrA,Folded,Kehlani,Kehlani,Folded,2026-01-22 17:37:02+00:00,Dislike,dislike,0.295,0.572,0.598,0.0,1.0,0.12,-7.189,1.0,0.0564,135.578,0.498,USAT22504344
04a44cx2PJthIbN2aLMXhl,TIT FOR TAT,Tate McRae,Tate McRae,TIT FOR TAT,2026-01-22 17:37:10+00:00,Dislike,dislike,0.206,0.623,0.705,0.0,8.0,0.273,-5.036,0.0,0.072,83.974,0.492,USRC12502004
7rcbwjIaZ5jEgyFk35Bqfj,DAISIES,Justin Bieber,Justin Bieber,SWAG,2026-01-22 17:37:17+00:00,Dislike,dislike,0.715,0.802,0.384,0.000686,8.0,0.108,-8.906,1.0,0.054,110.153,0.483,USUG12504304
5adNBXEoLla10lGJcGzRIL,Dracula,Tame Impala,Tame Impala,Dracula,2026-01-22 17:37:23+00:00,Neutral,neutral,,,,,,,,,,,,
55hTqqpz8k2TNRLhHKbbDx,Gabriela,KATSEYE,KATSEYE,BEAUTIFUL CHAOS,2026-01-22 17:37:30+00:00,Dislike,dislike,0.197,0.661,0.748,0.0,7.0,0.363,-4.548,1.0,0.0661,145.908,0.61,USUM72503465
3yWuTOYDztXjZxdE2cIRUa,Opalite,Taylor Swift,Taylor Swift,The Life of a Showgirl,2026-01-22 17:37:38+00:00,Dislike,dislike,0.0784,0.806,0.819,0.0,4.0,0.0371,-5.033,0.0,0.0384,124.994,0.802,USUG12506438
2UfNSV1Fwz4gGJf42ZX1Pu,FU & UF,Skye Newman,Skye Newman,SE9 Part 1,2026-01-22 17:37:47+00:00,Dislike,dislike,,,,,,,,,,,,
4WFgvKVfEhb3IUAFGrutTR,Love Me Not,Ravyn Lenae,Ravyn Lenae,Bird's Eye,2026-01-22 17:37:56+00:00,Neutral,neutral,0.296,0.779,0.731,0.0,0.0,0.128,-6.176,1.0,0.0306,114.001,0.814,USAT22401137
221eHga9f9Ne4f8D7WVgPT,Mystical Magical,Benson Boone,Benson Boone,Mystical Magical,2026-01-22 17:38:04+00:00,Dislike,dislike,0.19,0.671,0.697,0.0,11.0,0.393,-3.851,1.0,0.116,119.867,0.848,USWB12500844
7B3BwNecBhKvNwSMOOl7Gk,Fame is a Gun,Addison Rae,Addison Rae,Addison,2026-01-22 17:38:13+00:00,Neutral,neutral,0.165,0.692,0.399,0.00109,3.0,0.1,-7.325,0.0,0.035,137.976,0.411,USSM12501572
5UW4tA4j23YL6kDfRw3rWT,mangetout,Wet Leg,Wet Leg,moisturizer,2026-01-22 17:38:48+00:00,Like,like,0.00876,0.742,0.588,0.455,0.0,0.201,-5.358,1.0,0.0282,127.962,0.477,GBCEL2400962
5bajgZvZb1x9OScsPAC1gB,Gone Girl,Basht.,Basht.,Gone Girl,2026-01-22 17:39:30+00:00,Neutral,neutral,0.0135,0.452,0.891,4.24e-05,7.0,0.0786,-6.507,1.0,0.0605,158.879,0.745,USA2P2405341
7nCONy10IHp7XD3oYZ0lcx,I've Seen Footage,Death Grips,Death Grips,The Money Store,2026-01-22 17:39:57+00:00,Like,like,0.0481,0.603,0.944,0.0,11.0,0.342,-3.626,0.0,0.347,130.035,0.418,USSM11200908
7fHqVBM914EJjzujOnUBFz,Bone Collector,Ho99o9,Ho99o9,Bone Collector,2026-01-22 17:40:10+00:00,Neutral,neutral,0.232,0.652,0.909,0.0325,9.0,0.16,-7.766,1.0,0.408,126.92,0.397,QMPKX1471699
2Z4nIITCxUoaZvFug5FxtO,SEEIN’ STARS,Turnstile,Turnstile,NEVER ENOUGH,2026-01-22 17:41:02+00:00,Dislike,dislike,,,,,,,,,,,,
4Dr5pBJktWX8aZckCznE6q,Bon Bon,Fcukers,Fcukers,Bon Bon,2026-01-22 17:41:29+00:00,Like,like,0.00627,0.813,0.913,0.195,9.0,0.111,-4.456,0.0,0.05,127.989,0.877,GBCFB2400445
2YuySJd7C2aoBarBP8OvzR,drifting,Night Tapes,Night Tapes,drifting,2026-01-22 17:41:37+00:00,Neutral,neutral,0.608,0.584,0.732,0.39,2.0,0.137,-7.09,1.0,0.0565,126.294,0.515,CAN112302020
0ccoGCaOFCxI6pHixrQpKj,Neverender,Justice,Justice / Tame Impala,Neverender,2026-01-22 17:41:46+00:00,Neutral,neutral,0.0258,0.563,0.44,7.62e-06,6.0,0.227,-10.01,0.0,0.0608,116.988,0.417,FR8EU2300010
7tFI5cqfAoR7MIvmbw1qd8,Delete Ya,Djo,Djo,The Crux,2026-01-22 17:41:57+00:00,Neutral,neutral,0.25,0.832,0.674,0.0627,8.0,0.481,-6.381,1.0,0.0419,118.029,0.837,QM4TW2525818
0dpyzcT3RMNNSd2xKBf35I,Be Sweet,Japanese Breakfast,Japanese Breakfast,Jubilee,2026-01-22 17:43:59+00:00,Neutral,neutral,0.0102,0.653,0.877,1.04e-05,2.0,0.32,-5.82,0.0,0.0275,109.985,0.62,USJ5G2022502
0HMmlJFPzK9YEP17mVmBHV,viscus,Oklou,Oklou / FKA twigs,choke enough (Deluxe),2026-01-22 17:44:08+00:00,Dislike,dislike,,,,,,,,,,,,
2CqK5vwJHSe0ZHXryUAElT,Relapse,Lily Allen,Lily Allen,West End Girl,2026-01-22 17:44:22+00:00,Neutral,neutral,0.319,0.642,0.808,0.00125,5.0,0.126,-6.553,1.0,0.0458,132.007,0.495,GB5KW2501371
0lizgQ7Qw35od7CYaoMBZb,Santa Tell Me,Ariana Grande,Ariana Grande,Santa Tell Me,2026-01-22 19:10:17+00:00,Dislike,dislike,0.0489,0.525,0.621,0.0,7.0,0.291,-7.364,1.0,0.117,191.868,0.592,USUM71417401
5TxRUOsGeWeRl3xOML59Ai,ARE WE STILL FRIENDS?,"Tyler, The Creator","Tyler, The Creator",IGOR,2026-01-22 19:10:44+00:00,Neutral,neutral,0.128,0.216,0.497,2.39e-06,10.0,0.111,-8.025,1.0,0.0371,187.308,0.313,USQX91901168
04QTBqa3IA4ZAKEuqRPzEH,PartyIsntOver/Campfire/Bimmer (feat. Frank Ocean & Laetitia Sadier),"Tyler, The Creator","Tyler, The Creator / Frank Ocean / Laetitia Sadier",Wolf,2026-01-22 19:12:40+00:00,Like,like,0.0709,0.443,0.576,0.0197,1.0,0.41,-8.695,0.0,0.201,151.835,0.127,USQX91300227
0DmkBOGgEWMbUJlL6VwwF2,Helmet,Steve Lacy,Steve Lacy,Gemini Rights,2026-01-22 19:12:52+00:00,Neutral,neutral,0.0994,0.612,0.675,0.0,9.0,0.217,-6.518,0.0,0.0231,97.04,0.763,USRC12202286
758wEKVqfYopJIHYWdLVd4,I Wanna Be Adored - Remastered 2009,The Stone Roses,The Stone Roses,The Stone Roses,2026-01-22 19:13:32+00:00,Like,like,0.012,0.494,0.862,0.213,4.0,0.228,-9.158,0.0,0.0273,112.596,0.59,GBAHJ0900001
0AxZUYeQ9bZwSdt1LmZuok,Heaven or Las Vegas,Cocteau Twins,Cocteau Twins,Heaven or Las Vegas,2026-01-22 19:13:35+00:00,Like,like,6.97e-05,0.202,0.804,0.00775,7.0,0.081,-5.465,1.0,0.0383,179.911,0.418,GBAFL9000039
5XhMgAWzou6EjDmQtoyoZE,I Love You,Fontaines D.C.,Fontaines D.C.,Skinty Fia,2026-01-22 19:13:37+00:00,Like,like,0.0897,0.632,0.772,0.0,4.0,0.0679,-7.206,0.0,0.0319,114.037,0.374,USBQU2100093
5xoUgPXbMNUmoHU0Enwtwq,She Moves In Her Own Way,The Kooks,The Kooks,Inside In / Inside Out,2026-01-22 19:14:05+00:00,Neutral,neutral,0.239,0.403,0.803,0.0,7.0,0.103,-5.363,1.0,0.0626,153.314,0.814,GBAAA0500835
57Xjny5yNzAcsxnusKmAfA,Reptilia,The Strokes,The Strokes,Room On Fire,2026-01-22 19:14:34+00:00,Like,like,0.000603,0.489,0.649,0.713,9.0,0.101,-5.11,1.0,0.0336,158.009,0.77,USRC10301519
40LGKU0kbnbx4NXEMhTTXT,Sway,The Kooks,The Kooks,Konk,2026-01-22 19:14:40+00:00,Like,like,0.124,0.397,0.772,0.0,2.0,0.107,-5.512,0.0,0.0453,152.376,0.615,GBAAA0800079
0TFTAtCYhp2tQ9KcJIZb55,undressed,sombr,sombr,I Barely Know Her,2026-01-22 19:14:51+00:00,Dislike,dislike,0.137,0.642,0.887,0.0,0.0,0.0829,-3.883,1.0,0.0406,115.999,0.888,USWB12500737
25jgQBxuUkGDdCG1WGKKN9,House Tour,Sabrina Carpenter,Sabrina Carpenter,Man’s Best Friend,2026-01-22 19:14:58+00:00,Dislike,dislike,0.13,0.765,0.877,0.0,6.0,0.352,-4.897,1.0,0.0844,117.997,0.608,USUM72504449
2SsY5k7UWFqgye3PUMG3Oq,The Subway,Chappell Roan,Chappell Roan,The Subway,2026-01-22 19:15:26+00:00,Dislike,dislike,0.426,0.31,0.608,0.0,10.0,0.186,-6.225,1.0,0.0328,166.337,0.503,USUG12506170
5UJbgR4XF4y1DvbkxEqe8S,Sports car,Tate McRae,Tate McRae,So Close To What,2026-01-22 19:15:45+00:00,Dislike,dislike,0.0505,0.861,0.815,0.00139,11.0,0.1,-3.672,0.0,0.0349,106.978,0.886,USRC12403580
2T8yuUKl1nhmtaIocqWo4i,Berghain,ROSALÍA,ROSALÍA / Björk / Yves Tumor,LUX,2026-01-22 19:15:48+00:00,Dislike,dislike,0.294,0.423,0.442,0.0,9.0,0.217,-6.297,0.0,0.0441,124.854,0.221,USSM12504034
0Hnm7mnmqOLCIgvbMpM4Ev,Maui Wowie,Kid Cudi,Kid Cudi,A Kid Named Cudi,2026-01-22 19:19:44+00:00,Neutral,neutral,0.176,0.819,0.635,0.0,6.0,0.166,-6.89,1.0,0.0509,122.694,0.607,USUM72213188
0Q9kIg9o8w1XKepXWmDUmT,New York,Addison Rae,Addison Rae,Addison,2026-01-22 19:20:02+00:00,Like,like,0.0299,0.596,0.625,7.33e-06,9.0,0.239,-8.783,0.0,0.0962,148.005,0.28,USSM12501567
1XrSjpNe49IiygZfzb74pk,What Once Was,Her's,Her's,Songs of Her's,2026-01-22 19:34:36+00:00,Neutral,neutral,,,,,,,,,,,,
4GKJALTXTwhZgLPp0usd5C,Roman Holiday,Fontaines D.C.,Fontaines D.C.,Skinty Fia,2026-01-22 19:34:40+00:00,Like,like,0.000611,0.491,0.676,1.24e-05,0.0,0.0908,-7.477,1.0,0.0327,121.205,0.381,USBQU2100090
7j3nbSiaWphYU2cFgyQXd9,Everything Is Embarrassing,Sky Ferreira,Sky Ferreira,"Night Time, My Time",2026-01-22 19:34:51+00:00,Like,like,0.0606,0.667,0.783,1.17e-06,0.0,0.0418,-5.885,1.0,0.0361,117.145,0.564,USCA21202535
6s0XiiD5NE5MetCoOVY0yM,Only Human - MPH Remix,KH,KH / Four Tet / Nelly Furtado / MPH,Only Human (MPH Remix),2026-01-23 12:53:26+00:00,Neutral,neutral,,,,,,,,,,,,
45Z3m6yazmAi4jZuW0tzW0,Aperture,Harry Styles,Harry Styles,Aperture,2026-01-23 14:02:47+00:00,Like,like,0.108,0.677,0.715,0.0709,2.0,0.108,-10.07,1.0,0.0546,127.978,0.178,USSM12600096
4RvWPyQ5RL0ao9LPZeSouE,Everybody Wants To Rule The World,Tears For Fears,Tears For Fears,Songs From The Big Chair (Super Deluxe Edition),2026-01-23 14:12:28+00:00,Like,like,0.347,0.645,0.795,0.00389,7.0,0.104,-12.095,1.0,0.0527,112.067,0.535,GBF088590110
5TTGoX70AFrTvuEtqHK37S,No. 1 Party Anthem,Arctic Monkeys,Arctic Monkeys,AM,2026-01-23 14:14:01+00:00,Like,like,0.33,0.505,0.698,0.0887,0.0,0.0966,-5.563,1.0,0.0297,115.013,0.599,GBCEL1300367
65ELRFojRCRWHEyYDA5AQd,w-w-w-w-w,hemlocke springs,hemlocke springs,w-w-w-w-w,2026-01-23 14:15:34+00:00,Dislike,dislike,,,,,,,,,,,,
7A34WgGmK1E4D9X9zgq9VD,Dance The Pain Away,Haute & Freddy,Haute & Freddy,Dance The Pain Away,2026-01-23 14:17:41+00:00,Neutral,neutral,,,,,,,,,,,,
5l4Gq3UC0dHKSExIf5xD9N,"Orange County (feat. Bizarrap, Kara Jackson and Anoushka Shankar)",Gorillaz,Gorillaz / Bizarrap / Kara Jackson / Anoushka Shankar,"Orange County (feat. Bizarrap, Kara Jackson and Anoushka Shankar)",2026-01-23 14:22:55+00:00,Dislike,dislike,0.165,0.74,0.681,0.202,8.0,0.282,-7.569,1.0,0.0433,129.988,0.315,QMDA72543806
2kSQNFlBqsHSzEw6riHR8K,Traffic Lights (feat. Thom Yorke),Flea,Flea / Thom Yorke,Traffic Lights (feat. Thom Yorke),2026-01-23 14:38:16+00:00,Neutral,neutral,,,,,,,,,,,,
4PR3GPNQg8RNkGSSA1LAqX,Fuck It Up (feat. Declan McKenna),Master Peace,Master Peace / Declan McKenna,Fuck It Up (feat. Declan McKenna),2026-01-23 14:40:23+00:00,Neutral,neutral,,,,,,,,,,,,
2tFcYLM3T3PWy0SsGHwOkv,I Ran (So Far Away),The Beaches,The Beaches,I Ran (So Far Away),2026-01-23 14:42:46+00:00,Dislike,dislike,,,,,,,,,,,,
2LYUvYITRBWP8UpeYqqbwD,Actitud,Alien Ant Farm,Alien Ant Farm / Judge & Jury,Actitud,2026-01-23 14:43:33+00:00,Dislike,dislike,,,,,,,,,,,,
0mxL8LdO634SxsTJ034Vwo,Turn Up The Radio,Danny Ray,Danny Ray,Turn Up The Radio,2026-01-23 14:47:19+00:00,Neutral,neutral,,,,,,,,,,,,
2igNvPf7RLTZG688Mx8GtU,"girl, get up. (feat. SZA)",Doechii,Doechii / SZA,"girl, get up. (feat. SZA)",2026-01-23 14:51:58+00:00,Neutral,neutral,0.209,0.648,0.774,7.71e-05,11.0,0.35,-7.13,0.0,0.242,93.222,0.436,USUG12504106
73vfMXcXa6iY1E3lpf2fZO,Pussy Palace,Lily Allen,Lily Allen,West End Girl,2026-01-23 14:52:56+00:00,Like,like,0.363,0.436,0.609,0.000287,7.0,0.192,-6.604,1.0,0.0358,150.877,0.161,GB5KW2501372
3wCJGNuWIoeKHsrZdAybiO,Cuntology 101,Lambrini Girls,Lambrini Girls,Who Let The Dogs Out,2026-01-23 14:53:07+00:00,Dislike,dislike,0.000852,0.673,0.791,0.000234,1.0,0.119,-4.646,0.0,0.0516,147.107,0.365,DED622500014
6GGtHZgBycCgGBUhZo81xe,Say Yes To Heaven,Lana Del Rey,Lana Del Rey,Say Yes To Heaven,2026-01-23 14:53:38+00:00,Like,like,0.678,0.485,0.348,0.167,6.0,0.118,-11.576,0.0,0.0257,99.898,0.145,GBUM72304301
7edPcqtaDkl0X47fNcXuUS,Wallace,English Teacher,English Teacher,R&B (Theo Verney Version),2026-01-23 18:47:53+00:00,Neutral,neutral,0.00129,0.521,0.706,0.351,7.0,0.23,-8.726,1.0,0.0337,120.956,0.28,UKJ7P2000037
2PIcAQiSOayFwJrfWc72Qc,Bros,Wolf Alice,Wolf Alice,My Love Is Cool,2026-01-23 19:04:00+00:00,Like,like,0.00377,0.583,0.921,0.462,4.0,0.226,-8.383,1.0,0.0697,125.98,0.222,GBK3W1000336
5a8z2vyIDKMh5qcRG6w9wu,IT GIRL,Aliyah's Interlude,Aliyah's Interlude,IT GIRL,2026-01-24 09:49:10+00:00,Like,like,0.00807,0.97,0.707,0.0,1.0,0.314,-5.497,1.0,0.259,124.974,0.408,QZTB22388736
6jKOxnQ1Pdsr4KblSSeA0j,Control,Aaron Taos,Aaron Taos,Birthday Boy,2026-01-24 10:45:26+00:00,Neutral,neutral,,,,,,,,,,,,
1xfFPJdRjgDAaMcDgbXwyh,STAR,BROCKHAMPTON,BROCKHAMPTON,SATURATION,2026-01-24 10:45:41+00:00,Like,like,0.147,0.776,0.388,0.0,0.0,0.394,-9.143,1.0,0.282,75.01,0.294,USUYG1144807
2fwz9mBaELJCzXuEEEe35Y,745 sticky,100 gecs,100 gecs / Laura Les / Dylan Brady,1000 gecs,2026-01-24 10:45:51+00:00,Neutral,neutral,0.128,0.608,0.708,8.65e-05,6.0,0.821,-5.682,1.0,0.244,75.048,0.798,USAT22000414
2QUlMbvD9bL8wHqfsoqoet,Stop The World I Wanna Get Off With You,Arctic Monkeys,Arctic Monkeys,Why'd You Only Call Me When You're High?,2026-01-24 10:46:01+00:00,Like,like,0.0537,0.661,0.73,3.44e-05,6.0,0.14,-6.779,0.0,0.0574,95.027,0.53,GBCEL1300397
4gRAniZdYF2zVrDUsNC9tU,raingurl,Yaeji,Yaeji,raingurl,2026-01-24 10:46:12+00:00,Like,like,,,,,,,,,,,,
3udJxehBCZ27wRO9gSum4B,I Don’t Think I Can Do This Again (with Clairo),Mura Masa,Mura Masa / Clairo,I Don’t Think I Can Do This Again,2026-01-24 10:46:29+00:00,Neutral,neutral,0.00738,0.58,0.434,0.000129,8.0,0.105,-10.708,1.0,0.0479,139.082,0.536,GBUM71904158
0kj8iOWDgQqiRbDWQSJsWb,BULLDOG,LAUNDRY DAY,LAUNDRY DAY,LIGHT UP SHOES 2,2026-01-24 10:46:36+00:00,Like,like,0.116,0.808,0.448,5.33e-06,10.0,0.148,-6.192,0.0,0.0866,124.011,0.602,USRC11903651
16nInJWX6Qe7QXYkMN3sJr,EDGAR DAVIDS,ayrtn,ayrtn,FLIGHT07,2026-01-24 10:46:58+00:00,Like,like,0.677,0.807,0.61,4.54e-05,7.0,0.133,-9.933,0.0,0.356,163.993,0.331,SE5751860722
4BbXg5wQqVNPbVEGpjsVnv,All I Wanted,Paramore,Paramore,Brand New Eyes,2026-01-24 10:47:18+00:00,Like,like,,,,,,,,,,,,
6GyFP1nfCDB8lbD2bG0Hq9,Midnight City,M83,M83,"Hurry up, We're Dreaming",2026-01-24 10:47:26+00:00,Like,like,0.0182,0.507,0.729,1.4e-06,11.0,0.0658,-5.399,0.0,0.0393,105.013,0.272,GB55H1100002
2zoNNEAyPK2OGDfajardlY,Rushing Back,Flume,Flume / Vera Blue,Rushing Back,2026-01-24 10:47:54+00:00,Neutral,neutral,,,,,,,,,,,,
0UQc1EkgxdIB3nGVTuAXKI,Chinatown,Wild Nothing,Wild Nothing,Gemini,2026-01-24 10:48:01+00:00,Like,like,,,,,,,,,,,,
2aPTvyE09vUCRwVvj0I8WK,Sundress,A$AP Rocky,A$AP Rocky,Sundress,2026-01-24 10:48:08+00:00,Like,like,0.181,0.721,0.707,3.68e-06,6.0,0.143,-6.364,1.0,0.0595,125.005,0.743,USRC11803252
3CPekxLofiPyJFmEgGAgqC,Shiny Collarbone,The 1975,The 1975,Notes On A Conditional Form,2026-01-24 10:48:20+00:00,Like,like,0.0551,0.445,0.805,0.105,1.0,0.0821,-8.434,1.0,0.0929,119.988,0.0921,GBK3W1901076
7DzzfrIaYnIvzkI898X79J,What You Were,The Drums,The Drums,Portamento,2026-01-24 10:48:28+00:00,Like,like,0.169,0.621,0.829,0.495,7.0,0.32,-5.466,1.0,0.025,105.072,0.235,GBUM71105435
6mcxQ1Y3uQRU0IHsvdNLH1,Where Is My Mind?,Pixies,Pixies,Surfer Rosa (Remastered),2026-01-24 10:48:42+00:00,Like,like,,,,,,,,,,,,
79ADanDPMKL9FdjJmdtNj5,II. Worldstar,Childish Gambino,Childish Gambino,Because the Internet,2026-01-24 10:48:48+00:00,Like,like,,,,,,,,,,,,
7rWpSbLgcaWXsvS4o9wJXD,Electricity,Arctic Monkeys,Arctic Monkeys,R U Mine? / Electricity,2026-01-24 10:49:02+00:00,Like,like,4.99e-05,0.387,0.919,0.578,4.0,0.293,-6.585,0.0,0.0454,149.993,0.483,GBCEL1200129
0CUMh0V0MTGs5pYGeQ611I,Esoteric,Deeper,Deeper,Auto-Pain,2026-01-24 10:49:13+00:00,Neutral,neutral,,,,,,,,,,,,
2ZltjIqztEpZtafc8w0I9t,3005,Childish Gambino,Childish Gambino,Because the Internet,2026-01-24 10:49:26+00:00,Like,like,,,,,,,,,,,,
5DrkhJaGka08ZK6QyuMK0W,Never Fight A Man With A Perm,IDLES,IDLES,Joy as an Act of Resistance.,2026-01-24 19:00:52+00:00,Dislike,dislike,0.000288,0.255,0.946,0.000565,9.0,0.196,-4.876,1.0,0.152,155.967,0.223,USBQU1800062
33nOHyNeOKwwjKMrF9VN4V,CSIRAC,Ninajirachi,Ninajirachi,I Love My Computer,2026-01-26 15:05:30+00:00,Like,like,0.0765,0.744,0.952,0.79,11.0,0.161,-5.49,0.0,0.0719,145.061,0.562,QMBZ92546828
10wJ35whDsMVQ04fhkR5QS,BEAT UP CHANEL$,Slayyyter,Slayyyter,BEAT UP CHANEL$,2026-01-26 15:12:58+00:00,Like,like,,,,,,,,,,,,
3pvo1AGd8ZyL8wSxLS4Wtm,Fame is a Gun - triple j Like A Version,Rebecca Black,Rebecca Black / triple j,Fame is a Gun (triple j Like A Version),2026-01-26 15:13:10+00:00,Dislike,dislike,,,,,,,,,,,,
6r4aDudAgH1fdtmNNNXR3N,The Huntress,Ha Vay,Ha Vay,Baby I'm The Wolf,2026-01-27 16:22:16+00:00,Neutral,neutral,0.0805,0.6,0.468,0.762,7.0,0.103,-9.135,0.0,0.0309,131.971,0.0811,QZQAY2495088
2vy48b6ad55AzooT8Mg2nY,How Can I Make It OK?,Wolf Alice,Wolf Alice,Blue Weekend,2026-01-27 16:33:13+00:00,Like,like,0.0159,0.463,0.704,0.0109,0.0,0.118,-5.264,1.0,0.0434,117.059,0.198,GBK3W2001633
7F1xUyDoz9vSbwSaCryT5x,Big Time Nothing,St. Vincent,St. Vincent,All Born Screaming,2026-02-09 11:58:32+00:00,Like,like,0.00438,0.761,0.854,0.00615,11.0,0.315,-3.405,0.0,0.0521,101.968,0.856,USA2P2401578
54wX7jxwKL2TQS9itIIMyJ,Burn Alive,The Last Dinner Party,The Last Dinner Party,Prelude to Ecstasy,2026-02-17 16:35:40+00:00,Like,like,0.000329,0.603,0.728,0.00255,7.0,0.0944,-5.366,0.0,0.0302,110.936,0.288,GBUM72309267
5IMpnpD0tQVcqWlVIgtAtV,iloveitiloveitiloveit,Bella Kay,Bella Kay,iloveitiloveitiloveit,2026-03-01 14:35:21+00:00,Dislike,dislike,0.735,0.615,0.327,3.09e-05,6.0,0.112,-8.13,0.0,0.0332,143.198,0.382,USAT22600011
3oTuTpF1F3A7rEC6RKsMRz,Raindance (feat. Tems),Dave,Dave / Tems,The Boy Who Played the Harp,2026-03-01 14:35:33+00:00,Dislike,dislike,0.236,0.796,0.741,0.0619,1.0,0.103,-6.815,1.0,0.0789,107.0,0.249,GBUM72506029
6f68Ac5tt5BQOpwr0BV9oN,I Just Might,Bruno Mars,Bruno Mars,The Romantic,2026-03-01 14:35:39+00:00,Dislike,dislike,0.0536,0.786,0.713,0.0,5.0,0.133,-6.193,1.0,0.0326,102.997,0.879,USAT22509144
7ogpGbKc4Io6NCU6ydxXwZ,FEVER DREAM,Alex Warren,Alex Warren,FEVER DREAM,2026-03-01 14:35:51+00:00,Dislike,dislike,0.139,0.77,0.778,0.0,10.0,0.307,-5.546,0.0,0.046,107.97,0.762,USAT22600670
7gKxCvTDWwV9wBhdeBbr3l,Nice To Each Other,Olivia Dean,Olivia Dean,Nice To Each Other,2026-03-01 14:36:12+00:00,Dislike,dislike,0.406,0.761,0.737,0.00166,0.0,0.364,-6.869,1.0,0.049,131.998,0.738,GBUM72502230
2RkZ5LkEzeHGRsmDqKwmaJ,Ordinary,Alex Warren,Alex Warren,"You'll Be Alright, Kid (Chapter 1)",2026-03-01 14:36:20+00:00,Dislike,dislike,0.704,0.368,0.694,6.59e-06,2.0,0.055,-6.141,1.0,0.06,168.115,0.391,USAT22500463
7yNf9YjeO5JXUE3JEBgnYc,Babydoll,Dominic Fike,Dominic Fike,"Don't Forget About Me, Demos",2026-03-01 14:36:31+00:00,Neutral,neutral,0.114,0.762,0.604,0.0,7.0,0.0271,-5.296,0.0,0.11,168.007,0.847,USQX91802457
2BwO5K8Q7EPAJSGze3AAh9,Manchild,Sabrina Carpenter,Sabrina Carpenter,Man’s Best Friend,2026-03-01 14:36:51+00:00,Dislike,dislike,0.0987,0.73,0.686,0.0,7.0,0.317,-5.107,1.0,0.0615,123.014,0.839,USUM72504354
3sK8wGT43QFpWrvNQsrQya,DtMF,Bad Bunny,Bad Bunny,DeBÍ TiRAR MáS FOToS,2026-03-01 14:37:00+00:00,Dislike,dislike,0.177,0.625,0.131,0.218,7.0,0.0807,-27.405,0.0,0.0717,136.02,0.032,QMFMF2447070
3xkHsmpQCBMytMJNiDf3Ii,Beautiful Things,Benson Boone,Benson Boone,Fireworks & Rollerblades,2026-03-01 14:37:39+00:00,Dislike,dislike,0.151,0.472,0.471,0.0,10.0,0.14,-5.692,1.0,0.0603,105.029,0.219,USWB12307016
5ViLKrbyL3HD6wsq3AB9eI,White Keys,Dominic Fike,Dominic Fike,White Keys,2026-03-01 14:37:44+00:00,Dislike,dislike,,,,,,,,,,,,
2gYTC8DsplN3RNdpdBcCOQ,Die On This Hill,SIENNA SPIRO,SIENNA SPIRO,Die On This Hill,2026-03-01 14:37:59+00:00,Dislike,dislike,0.76,0.523,0.429,4.27e-06,5.0,0.349,-4.642,0.0,0.0288,82.457,0.247,USUG12508560
57Z6TJCTMACXxdrcwZ3Zvf,Phantom,EsDeeKid,EsDeeKid / Rico Ace,Rebel,2026-03-01 14:38:19+00:00,Neutral,neutral,0.0185,0.875,0.525,0.000454,1.0,0.112,-4.2,1.0,0.129,140.006,0.315,QZHN32557300
77zqs8ucHCSk5jh9TYec4b,The Great Divide,Noah Kahan,Noah Kahan,The Great Divide,2026-03-01 14:38:33+00:00,Dislike,dislike,0.00891,0.549,0.678,0.0,11.0,0.142,-5.011,1.0,0.0298,80.527,0.341,USUM72600177
1LepWHpwtahzEQL0vNjpEt,Just The Way You Are,Milky,Milky / Mall Grab,Just The Way You Are,2026-03-01 14:38:54+00:00,Neutral,neutral,,,,,,,,,,,,
0TlcczkVTGpinpkGJpT81L,Drag Path,Twenty One Pilots,Twenty One Pilots,Drag Path,2026-03-01 14:39:05+00:00,Dislike,dislike,,,,,,,,,,,,
0lRnxwJeUOxwEvWMw4uQKj,Think About Us,Sonny Fodera,Sonny Fodera / D.O.D / Poppy Baskcomb,Think About Us,2026-03-01 14:39:21+00:00,Dislike,dislike,0.0126,0.774,0.558,0.00306,1.0,0.0619,-5.799,1.0,0.0421,127.975,0.493,US39N2510213
7sOU63ay88RLvacLn4Gra1,Walk,Skye Newman,Skye Newman,Walk,2026-03-01 14:39:28+00:00,Dislike,dislike,0.172,0.663,0.465,0.0,10.0,0.183,-6.386,1.0,0.0428,94.915,0.18,GBARL2600149
7cjoZVmWe2xsGR4wcXiV2v,What You Saying,Lil Uzi Vert,Lil Uzi Vert,What You Saying,2026-03-01 14:39:37+00:00,Dislike,dislike,0.00777,0.634,0.731,0.0,11.0,0.168,-7.801,0.0,0.205,133.146,0.354,NL8RL2584094
024GxR7aMUMCPtp8Y3c1zn,Drive Safe,Myles Smith,Myles Smith / Niall Horan,Drive Safe,2026-03-01 14:39:47+00:00,Dislike,dislike,0.0162,0.596,0.869,0.0,1.0,0.0629,-4.348,1.0,0.0635,118.039,0.34,GBARL2600033
0YskQDMYYgtxyFp1yTabRu,ICEMAN FREESTYLE,Central Cee,Central Cee,ICEMAN FREESTYLE,2026-03-01 14:39:54+00:00,Dislike,dislike,,,,,,,,,,,,
0je57Uq5eTk1wrPzn9sWbl,When Did You Get Hot?,Sabrina Carpenter,Sabrina Carpenter,Man’s Best Friend,2026-03-01 14:40:04+00:00,Dislike,dislike,0.231,0.696,0.665,0.0,5.0,0.33,-4.559,1.0,0.13,89.136,0.573,USUM72504446
6e9r7gwOb02rrn0uDJ4UQS,Share The House,Ewan McVicar,Ewan McVicar,Share The House,2026-03-01 14:40:12+00:00,Dislike,dislike,,,,,,,,,,,,
0WsC4ETIXyiHDMXRaPMvKe,wgft (feat. Burna Boy),Gunna,Gunna / Burna Boy,The Last Wun,2026-03-01 14:40:22+00:00,Dislike,dislike,0.0913,0.713,0.413,0.00688,2.0,0.141,-8.091,1.0,0.0975,88.503,0.377,USAT22505814
6PTgSuFz9JqQ1o0jTYOuvX,Dior (feat. Chrystal),MK,MK / Chrystal,Dior (feat. Chrystal),2026-03-01 14:40:31+00:00,Dislike,dislike,0.00443,0.831,0.802,0.000124,0.0,0.368,-5.779,1.0,0.0807,128.085,0.403,GBARL2500597
65DbTqJKhbwqYbZ1Okr0rc,Choosin' Texas,Ella Langley,Ella Langley,Choosin' Texas,2026-03-01 14:40:38+00:00,Dislike,dislike,0.00939,0.683,0.78,0.0,1.0,0.194,-4.74,1.0,0.031,112.027,0.486,USSM12504190
78nx0HDJIFD5xDq2L5420Z,Blessings,Calvin Harris,Calvin Harris / Clementine Douglas,Blessings,2026-03-01 14:40:45+00:00,Dislike,dislike,0.0022,0.721,0.875,0.0285,11.0,0.0888,-4.125,0.0,0.0557,129.913,0.642,GBARL2500591
2J051fjLklkoPbzOoTAACZ,"Sally, When The Wine Runs Out",ROLE MODEL,ROLE MODEL,Kansas Anymore (The Longest Goodbye),2026-03-01 14:40:54+00:00,Dislike,dislike,0.015,0.678,0.814,0.0,1.0,0.104,-6.065,1.0,0.0294,119.974,0.857,USUM72500706
57ENogEkvFsU7Wmt3lvQMG,Two Six,J. Cole,J. Cole,The Fall-Off,2026-03-01 14:41:00+00:00,Dislike,dislike,0.0949,0.79,0.625,0.0,11.0,0.19,-6.319,0.0,0.206,81.975,0.436,USUG12600536
4Q0qVhFQa7j6jRKzo3HDmP,Sapphire,Ed Sheeran,Ed Sheeran,Sapphire,2026-03-01 14:41:05+00:00,Dislike,dislike,0.0163,0.631,0.72,0.0,1.0,0.347,-6.152,1.0,0.0655,95.011,0.394,GBAHS2500262
0FlcmZ13DGRmscCroro9GO,Body,Don Toliver,Don Toliver,OCTANE,2026-03-01 14:41:13+00:00,Dislike,dislike,0.222,0.828,0.479,0.0,8.0,0.159,-3.688,1.0,0.0734,145.944,0.696,USAT22600118
5vXPLxljVKyHDHuv3kIuKV,Survive,Lewis Capaldi,Lewis Capaldi,Survive,2026-03-01 14:41:22+00:00,Dislike,dislike,0.039,0.351,0.624,0.0,7.0,0.0841,-3.781,1.0,0.0395,197.811,0.325,DEUM72504276
3THVfoVD5kdCxPviVaCPi7,Internet Girl,KATSEYE,KATSEYE,Internet Girl,2026-03-01 14:41:46+00:00,Dislike,dislike,0.00764,0.689,0.94,0.0,2.0,0.171,-1.849,1.0,0.0605,130.056,0.844,USUM72512688
4fUK2q5ERoi97E3g2kwB8c,NOW OR NEVER,Tkandz,Tkandz / CXSPER,NOW OR NEVER,2026-03-01 14:41:52+00:00,Dislike,dislike,,,,,,,,,,,,
6INLpBxo9F5QMer04VXEnd,Sexy Boy,Air,Air,Moon Safari,2026-03-01 14:42:13+00:00,Like,like,0.00142,0.43,0.625,0.66,0.0,0.125,-6.201,1.0,0.0295,111.88,0.164,FRS639700560
1MoA0TNVdveasxnR6c2JqZ,Jackie Down The Line,Fontaines D.C.,Fontaines D.C.,Skinty Fia,2026-03-01 14:42:19+00:00,Neutral,neutral,0.0102,0.547,0.878,0.0,7.0,0.0885,-4.563,1.0,0.0446,134.978,0.452,USBQU2100088
4oXg7xT4ksBxHTx8PcmSXw,15 Step,Radiohead,Radiohead,In Rainbows,2026-03-01 14:42:30+00:00,Neutral,neutral,0.0477,0.598,0.854,0.338,1.0,0.0934,-7.584,1.0,0.0422,94.458,0.844,GBSTK0700001
4wajJ1o7jWIg62YqpkHC7S,Weird Fishes / Arpeggi,Radiohead,Radiohead,In Rainbows,2026-03-01 14:42:44+00:00,Like,like,0.772,0.531,0.61,0.756,11.0,0.0908,-8.025,0.0,0.0387,152.958,0.199,GBSTK0700004
1fTtPH0xGwFOXM5VlkxOX1,Hearing Damage,Thom Yorke,Thom Yorke,Hearing Damage,2026-03-01 14:42:47+00:00,Like,like,0.0474,0.627,0.859,0.852,1.0,0.109,-6.321,1.0,0.0328,116.019,0.133,USAT20903254
0LtOwyZoSNZKJWHqjzADpW,Feels Like We Only Go Backwards,Tame Impala,Tame Impala,Lonerism,2026-03-01 14:42:53+00:00,Like,like,0.0277,0.303,0.9,0.635,2.0,0.11,-2.352,0.0,0.0574,149.508,0.491,AUUM71200493
4Hff1IjRbLGeLgFgxvHflk,DARE (feat. Shaun Ryder & Roses Gabor),Gorillaz,Gorillaz / Shaun Ryder / Roses Gabor,Demon Days,2026-03-01 14:42:56+00:00,Like,like,0.0229,0.76,0.891,0.0869,11.0,0.298,-5.852,0.0,0.0372,120.264,0.966,GBAYE0500178
2LMloFiV7DHpBhITOaBSam,Hard To Explain,The Strokes,The Strokes,Is This It,2026-03-01 14:43:10+00:00,Like,like,0.000413,0.406,0.682,0.849,7.0,0.0999,-6.281,1.0,0.0584,82.495,0.623,USRC10100768
0nsIevK1SeDfZzDOi6Si75,Crush,Ethel Cain,Ethel Cain,Inbred,2026-03-01 14:43:17+00:00,Neutral,neutral,0.0276,0.529,0.356,0.0,4.0,0.108,-10.942,1.0,0.0288,94.952,0.223,GBKPL2143428
09ttHg3ZNVgDlYBZa1ZBw0,Starburster,Fontaines D.C.,Fontaines D.C.,Romance,2026-03-01 14:43:24+00:00,Like,like,0.0656,0.511,0.862,1.86e-06,10.0,0.0939,-5.677,1.0,0.0659,98.021,0.361,GBBKS2400079
2jjwQENSoGnYbQEK4acuC6,Basic Being Basic,Djo,Djo,The Crux,2026-03-01 14:45:16+00:00,Neutral,neutral,0.121,0.86,0.585,9.41e-05,6.0,0.0753,-5.409,1.0,0.0524,122.002,0.935,QMFMF2426857
3y1EzRl5UEQxxd1f6Bv2aN,When I'm Small,Phantogram,Phantogram,Eyelid Movies,2026-03-01 14:45:24+00:00,Neutral,neutral,0.189,0.646,0.759,0.0977,10.0,0.103,-4.34,1.0,0.0314,91.999,0.423,USBS51300075
4O45RxFmWr88UfFlNtsXUy,Image,Magdalena Bay,Magdalena Bay,Imaginal Disk,2026-03-01 14:46:10+00:00,Like,like,,,,,,,,,,,,
260Ub1Yuj4CobdISTOBvM9,Wet Dream,Wet Leg,Wet Leg,Wet Leg,2026-03-01 14:46:22+00:00,Neutral,neutral,0.000927,0.721,0.701,0.026,2.0,0.234,-5.941,1.0,0.0306,130.091,0.892,GBCEL2100487
2Ud3deeqLAG988pfW0Kwcl,All My Friends,LCD Soundsystem,LCD Soundsystem,Sound of Silver,2026-03-01 14:46:29+00:00,Neutral,neutral,0.148,0.701,0.788,0.625,2.0,0.0977,-5.611,1.0,0.0425,142.584,0.795,US4GE0600018
5crY7axm3GejOxy5PsnnPk,Nothing Matters,The Last Dinner Party,The Last Dinner Party,Prelude to Ecstasy,2026-03-01 14:46:33+00:00,Neutral,neutral,0.0219,0.576,0.796,0.000151,2.0,0.11,-5.1,1.0,0.0375,101.093,0.589,GBUM72301930
7HXzuAd8UNJj2yCAS0NWbB,Opening Night,Arctic Monkeys,Arctic Monkeys / War Child Records,Opening Night,2026-03-01 14:46:48+00:00,Neutral,neutral,0.382,0.77,0.462,0.00139,0.0,0.093,-9.602,1.0,0.0421,122.998,0.596,GBAZP2500234
2B664ulJSVBd6B8SAY3Wux,Oysters In My Pocket,Royel Otis,Royel Otis,Oysters In My Pocket,2026-03-01 14:47:09+00:00,Neutral,neutral,0.0205,0.598,0.924,0.799,6.0,0.17,-4.974,0.0,0.0623,168.017,0.611,GBKPL2284406
5ZdqVCiXrvMGpY8cux5g8t,Conceited,Lola Young,Lola Young,This Wasn't Meant For You Anyway,2026-03-01 14:47:28+00:00,Dislike,dislike,0.337,0.764,0.44,0.0,11.0,0.542,-5.009,0.0,0.0619,92.021,0.844,GBUM72308240
35ISBknsCeZQtq66xABI9g,Messy,Lola Young,Lola Young,This Wasn't Meant For You Anyway,2026-03-01 14:47:43+00:00,Neutral,neutral,0.11,0.798,0.562,0.00606,9.0,0.122,-5.913,1.0,0.0375,110.991,0.647,GBUM72401610
1PXFfzpFDvSc0MU1FkB9fv,Don't Hate Me,Lola Young,Lola Young,What Is It About Me,2026-03-01 14:49:07+00:00,Neutral,neutral,0.000116,0.734,0.705,0.00234,11.0,0.112,-5.757,1.0,0.0401,96.031,0.445,GBUM72301887
0cQjawSUdvCmCjJDeqPkt1,Smugglers & Scholars,KNEECAP,KNEECAP,Smugglers & Scholars,2026-03-01 14:49:49+00:00,Like,like,0.00303,0.764,0.83,0.465,11.0,0.662,-6.002,1.0,0.0553,140.971,0.129,GBPVV2500138
1BxfuPKGuaTgP7aM0Bbdwr,Cruel Summer,Taylor Swift,Taylor Swift,Lover,2026-03-01 14:50:02+00:00,Dislike,dislike,0.117,0.552,0.702,2.06e-05,9.0,0.105,-5.707,1.0,0.157,169.994,0.564,USUG11901472
1u8c2t2Cy7UBoG4ArRcF5g,Blank Space,Taylor Swift,Taylor Swift,1989 (Deluxe),2026-03-01 14:50:05+00:00,Dislike,dislike,0.103,0.76,0.703,0.0,5.0,0.0913,-5.412,1.0,0.054,95.997,0.57,USCJY1431309
0ug5NqcwcFR2xrfTkc7k8e,Style,Taylor Swift,Taylor Swift,1989 (Deluxe),2026-03-01 14:50:08+00:00,Dislike,dislike,0.00245,0.588,0.791,0.00258,7.0,0.118,-5.595,1.0,0.0402,94.933,0.487,USCJY1431319
29iva9idM6rFCPUlu7Rhxl,YUKON,Justin Bieber,Justin Bieber,SWAG,2026-03-01 14:52:57+00:00,Dislike,dislike,0.802,0.446,0.301,0.000164,7.0,0.105,-12.748,0.0,0.218,80.572,0.589,USUG12506174
0t1fdMrn7JOg9DDsT95bxt,we never dated,sombr,sombr,I Barely Know Her,2026-03-01 14:52:59+00:00,Dislike,dislike,0.145,0.589,0.873,0.000226,6.0,0.153,-4.509,1.0,0.0313,104.031,0.966,USWB12501938
2yWlGEgEfPot0lv3OAjuG3,Just Keep Watching (From F1® The Movie),Tate McRae,Tate McRae / F1 The Album,Just Keep Watching (From F1® The Movie),2026-03-01 14:53:07+00:00,Dislike,dislike,0.0767,0.656,0.796,0.0,9.0,0.509,-5.856,0.0,0.113,129.956,0.425,USAT22503497
2uvLpXs8bZAjee0l3KNnhx,yes baby,Madison Beer,Madison Beer,locket,2026-03-01 14:53:08+00:00,Dislike,dislike,0.00136,0.546,0.871,0.0498,7.0,0.178,-5.507,1.0,0.0447,134.102,0.46,USSM12503835
541sN2qNfIlllGn9nGOQoC,Revolving door,Tate McRae,Tate McRae,So Close To What,2026-03-01 14:53:17+00:00,Dislike,dislike,0.354,0.452,0.737,0.0,6.0,0.105,-6.22,1.0,0.27,147.822,0.179,USRC12403577
5INY1sXYVmFCN5I6cbwdmk,Such A Funny Way,Sabrina Carpenter,Sabrina Carpenter,Man’s Best Friend (Bonus Track Version),2026-03-01 14:53:18+00:00,Dislike,dislike,0.191,0.657,0.47,0.0,2.0,0.051,-6.148,1.0,0.034,115.913,0.351,USUM72504451
42GKyvz5KBsHTBaLpo3cqJ,Zombie,YUNGBLUD,YUNGBLUD,Idols,2026-03-01 14:53:33+00:00,Dislike,dislike,,,,,,,,,,,,
3ld1FzyNgpZwGn4h9cOXrq,Love Me Not (feat. Rex Orange County),Ravyn Lenae,Ravyn Lenae / Rex Orange County,Love Me Not (feat. Rex Orange County),2026-03-01 14:53:41+00:00,Dislike,dislike,0.148,0.796,0.698,0.0,0.0,0.129,-6.947,1.0,0.0312,114.014,0.794,USAT22408814
6tHVEMyRfxGgQuXRzl2yOF,I've Seen It,Olivia Dean,Olivia Dean,The Art of Loving,2026-03-01 14:53:47+00:00,Dislike,dislike,0.902,0.392,0.148,0.000149,7.0,0.112,-15.984,1.0,0.0438,181.387,0.218,GBUM72503094
1jgTiNob5cVyXeJ3WgX5bL,Elizabeth Taylor,Taylor Swift,Taylor Swift,The Life of a Showgirl,2026-03-01 14:53:56+00:00,Dislike,dislike,0.36,0.623,0.627,0.0,2.0,0.116,-6.685,1.0,0.0448,81.995,0.565,USUG12506437
6qGVKjUodwfWPg4ZzZiA6S,Vodka Cranberry,Conan Gray,Conan Gray,Wishbone,2026-03-01 14:53:58+00:00,Dislike,dislike,,,,,,,,,,,,
6A18pcBX8QZGwI8EkR7aIP,Siren sounds (bonus),Tate McRae,Tate McRae,So Close To What,2026-03-01 14:54:04+00:00,Dislike,dislike,0.0151,0.321,0.669,1.13e-06,7.0,0.289,-6.24,1.0,0.0535,137.806,0.161,USRC12500271
5eXgqtg3T8Av0m1FUaGHex,The Life of a Showgirl (feat. Sabrina Carpenter),Taylor Swift,Taylor Swift / Sabrina Carpenter,The Life of a Showgirl,2026-03-01 14:54:14+00:00,Dislike,dislike,0.261,0.541,0.54,0.0,0.0,0.494,-7.589,1.0,0.143,157.44,0.494,USUG12506447
0620OecAlwJQxWieRW4L9s,Bless the Telephone,Labi Siffre,Labi Siffre,The Singer and the Song,2026-03-01 14:54:31+00:00,Dislike,dislike,0.978,0.567,0.175,2.14e-05,2.0,0.103,-17.466,0.0,0.0483,135.521,0.229,GB01A0600023
2uvE4L5ZsYKpv8hbK4TIOt,MUTT,Leon Thomas,Leon Thomas,MUTT,2026-03-01 14:54:39+00:00,Dislike,dislike,0.216,0.572,0.455,3.88e-06,1.0,0.072,-8.078,1.0,0.134,179.787,0.597,USUM72409025
0iO2iCAjtX0t5duvczNQt6,Oscar Winning Tears.,RAYE,RAYE,My 21st Century Blues,2026-03-01 14:55:04+00:00,Dislike,dislike,0.448,0.522,0.42,0.0,5.0,0.137,-6.805,0.0,0.0997,141.693,0.326,QMDA62229905
6wHpLMmp98aHcV8L1JFrj8,Eternity,Alex Warren,Alex Warren,"You'll Be Alright, Kid",2026-03-01 14:55:10+00:00,Dislike,dislike,0.577,0.62,0.423,0.0,7.0,0.122,-7.848,0.0,0.0403,137.684,0.425,USAT22503779
37pKTyMwalomKCZjxTc2QZ,Cherry-coloured Funk,Cocteau Twins,Cocteau Twins,Heaven or Las Vegas,2026-03-01 14:55:32+00:00,Like,like,0.00196,0.49,0.652,6.24e-05,2.0,0.0991,-5.813,1.0,0.0274,90.085,0.339,GBAFL9000062
5773KSWFzg9kCc8yazjbSt,Deceptacon,Le Tigre,Le Tigre,Le Tigre,2026-03-01 14:55:41+00:00,Like,like,0.055,0.603,0.864,0.00493,4.0,0.0986,-3.341,0.0,0.0668,160.488,0.616,TCABE1211301
2OoKzfr7RB5o9cxHArUoIS,Kerosene!,Yves Tumor,Yves Tumor,Heaven To A Tortured Mind,2026-03-01 14:55:46+00:00,Like,like,0.00183,0.506,0.746,0.0,7.0,0.109,-7.385,0.0,0.0307,130.997,0.299,GBBPW1900280
5fbQCQt91LsVgXusFS0CCD,Disorder - 2007 Remaster,Joy Division,Joy Division,Unknown Pleasures (Collector's Edition),2026-03-01 14:55:46+00:00,Like,like,0.00033,0.32,0.798,0.692,10.0,0.176,-7.078,0.0,0.124,84.696,0.74,GBAAP0600160
6aBUnkXuCEQQHAlTokv9or,This Must Be the Place (Naive Melody) - 2005 Remaster,Talking Heads,Talking Heads,Speaking in Tongues (Deluxe Version),2026-03-01 14:55:51+00:00,Like,like,0.331,0.942,0.641,0.179,7.0,0.028,-10.15,1.0,0.0333,114.443,0.966,USWB10502911
1FvDJ9KGxcqwv1utyPL3JZ,This Charming Man - 2011 Remaster,The Smiths,The Smiths,The Smiths,2026-03-01 14:56:05+00:00,Like,like,0.00509,0.611,0.846,0.0,11.0,0.0784,-5.9,1.0,0.0436,103.912,0.751,GBCRL1100240
3Y1EvIgEVw51XtgNEgpz5c,Von dutch,Charli xcx,Charli xcx,BRAT,2026-03-01 14:56:08+00:00,Like,like,0.00298,0.706,0.698,0.00375,10.0,0.116,-5.679,1.0,0.0537,130.013,0.648,USAT22313737
5iItYl3Q6wCnKVfpK1uNVf,The Suburbs,Arcade Fire,Arcade Fire,The Suburbs (Deluxe),2026-03-01 14:56:15+00:00,Like,like,0.0565,0.619,0.686,0.0237,6.0,0.142,-6.125,0.0,0.0265,117.777,0.538,GBUM71018417
4dk40nfaQav6b4ZsJ9OYUo,Love My Way,The Psychedelic Furs,The Psychedelic Furs,Forever Now,2026-03-01 14:56:20+00:00,Like,like,0.00487,0.637,0.85,0.00018,0.0,0.152,-5.054,1.0,0.0351,126.106,0.52,GBBBN0102488
1W5XugQJGhnSATMI5n002M,Idioteque,Radiohead,Radiohead,Kid A,2026-03-01 14:56:21+00:00,Like,like,0.0352,0.615,0.931,2.23e-05,3.0,0.0915,-7.8,1.0,0.273,137.544,0.525,GBAYE0000817
4fQVQKIiidREPI0MhFEuDn,My Moon My Man,Feist,Feist,The Reminder,2026-03-01 14:57:04+00:00,Neutral,neutral,0.122,0.717,0.51,0.0323,4.0,0.127,-8.389,0.0,0.067,124.533,0.48,FRUM70600211
0vtgMfyOVM2Y97DcVVJw3m,Shapeshifter,Lorde,Lorde,Virgin,2026-03-01 14:57:10+00:00,Like,like,0.41,0.574,0.632,0.00735,0.0,0.112,-5.756,1.0,0.0618,139.914,0.304,NZUM72500022
7hGCCQkdyF1MX6uk339uBS,What Was That,Lorde,Lorde,Virgin,2026-03-01 14:57:19+00:00,Neutral,neutral,0.352,0.603,0.612,2.68e-05,0.0,0.103,-6.732,1.0,0.159,126.612,0.174,NZUM72500008
5IOucMoMeoBw64mEQ68MjE,Clearblue,Lorde,Lorde,Virgin,2026-03-01 14:57:31+00:00,Neutral,neutral,0.52,0.542,0.39,0.0,9.0,0.247,-7.531,1.0,0.918,187.381,0.396,NZUM72500026
2MvvoeRt8NcOXWESkxWn3g,Ribs,Lorde,Lorde,Pure Heroine,2026-03-01 14:57:45+00:00,Like,like,0.534,0.525,0.472,0.614,4.0,0.11,-9.277,1.0,0.0739,127.945,0.0424,NZUM71300122
2dLLR6qlu5UJ5gk0dKz0h3,Royals,Lorde,Lorde,Pure Heroine,2026-03-01 14:57:49+00:00,Neutral,neutral,0.12,0.674,0.426,0.0,7.0,0.132,-9.504,1.0,0.122,84.876,0.337,NZUM71200031
7d23MhPFE9eB3U8DPRirnL,Disparate Youth,Santigold,Santigold,Master of My Make-Believe,2026-03-01 14:58:09+00:00,Neutral,neutral,0.0131,0.642,0.931,0.825,1.0,0.215,-4.142,1.0,0.0417,152.005,0.548,GBAHS1100389
49Hkgl03InFFqBklOQxunt,Half Mast,Empire Of The Sun,Empire Of The Sun,Walking On A Dream (10th Anniversary Edition),2026-03-01 14:58:29+00:00,Neutral,neutral,0.00373,0.775,0.736,0.00669,0.0,0.506,-4.966,1.0,0.0303,126.966,0.778,AUEI10800040
56NEihhw1BsIgBBzfvcE76,Bags,Clairo,Clairo,Immunity,2026-03-01 14:58:36+00:00,Neutral,neutral,,,,,,,,,,,,
2qbkDNJy6yzAcwdM63yPVu,Girls,The Dare,The Dare,What's Wrong With New York? (Deluxe),2026-03-01 14:58:42+00:00,Neutral,neutral,,,,,,,,,,,,
1UYj8qTWjneZJDVjUMwMub,The Moment,Tame Impala,Tame Impala,Currents,2026-03-01 14:58:50+00:00,Neutral,neutral,0.000296,0.547,0.827,0.101,7.0,0.0858,-6.036,1.0,0.0468,119.089,0.451,AUUM71500304
3lIxtCaROdRDuTnNBDm3n2,She's My Collar (feat. Kali Uchis),Gorillaz,Gorillaz / Kali Uchis,Humanz (Deluxe),2026-03-01 14:58:56+00:00,Neutral,neutral,0.00799,0.726,0.815,0.081,11.0,0.112,-5.886,1.0,0.0313,140.158,0.462,GBAYE1700176
3SeDS5sSoWnwAZvVgkdKzf,Better in the Dark,Jordana,Jordana / TV Girl,Summer's Over,2026-03-01 15:01:35+00:00,Neutral,neutral,0.283,0.678,0.64,0.00067,9.0,0.682,-7.486,1.0,0.0268,90.058,0.701,QM5BK1900509
5c9tBmJKbTdn1vhzXHeAwW,Sympathy is a knife,Charli xcx,Charli xcx,BRAT,2026-03-01 15:01:38+00:00,Neutral,neutral,0.0539,0.718,0.706,0.0,7.0,0.41,-5.596,0.0,0.0587,131.943,0.58,USAT22401343
2jsqoaZJqHF1t25vVuONHn,Cross The Street,Junior Varsity,Junior Varsity,My Star (Deluxe),2026-03-01 15:01:47+00:00,Neutral,neutral,,,,,,,,,,,,
3awweDjWIuXNMogMClJnvE,Sexy to Someone,Clairo,Clairo,Charm,2026-03-01 15:01:50+00:00,Neutral,neutral,0.352,0.716,0.545,0.00369,0.0,0.101,-6.949,0.0,0.0329,98.23,0.826,USA2P2416224
4pWIwnnqx8k01fuF95UMIg,Bodysnatchers,Radiohead,Radiohead,In Rainbows,2026-03-01 15:04:22+00:00,Neutral,neutral,0.00443,0.342,0.976,0.0175,2.0,0.0974,-4.986,1.0,0.0573,166.663,0.733,GBSTK0700002
15ApEgs3gaAMKOEj2vzH1p,House featuring John Cale,Charli xcx,Charli xcx / John Cale,Wuthering Heights,2026-03-01 15:04:37+00:00,Neutral,neutral,,,,,,,,,,,,
4J4pysp2EFNhYibI8tIg0D,Here's The Thing,Fontaines D.C.,Fontaines D.C.,Romance,2026-03-01 15:04:46+00:00,Neutral,neutral,0.00286,0.498,0.856,1.92e-06,4.0,0.469,-5.397,0.0,0.045,123.088,0.626,GBBKS2400080
04uR2cdkgiaLIzebPcs25m,Two Weeks,Grizzly Bear,Grizzly Bear,Veckatimest,2026-03-01 15:04:54+00:00,Neutral,neutral,0.3,0.526,0.723,0.00698,5.0,0.058,-5.59,1.0,0.0294,159.685,0.744,GBBPW0900065
0w5Bdu51Ka25Pf3hojsKHh,Hard Times,Paramore,Paramore,After Laughter,2026-03-01 15:04:56+00:00,Neutral,neutral,0.00647,0.695,0.818,4.87e-06,5.0,0.0219,-5.379,0.0,0.0334,119.965,0.916,USAT21700948
4prEPl61C8qZpeo3IkYSMl,Sleepyhead,Passion Pit,Passion Pit,Manners,2026-03-01 15:05:01+00:00,Like,like,0.0892,0.568,0.719,1.84e-06,8.0,0.233,-5.406,1.0,0.0354,106.036,0.539,USSM10901014
5gSHlT2SI0dtjeHrjj96A1,Here's Where the Story Ends,The Sundays,The Sundays,Reading Writing And Arithmetic,2026-03-01 15:05:07+00:00,Like,like,0.288,0.622,0.693,1.06e-06,7.0,0.136,-8.619,1.0,0.0274,109.055,0.843,GB01A9000004
0t4z0WaQomQqPONghWn8c2,Me and Michael,MGMT,MGMT,Little Dark Age,2026-03-01 15:05:12+00:00,Neutral,neutral,0.0285,0.628,0.841,0.00332,9.0,0.254,-4.583,1.0,0.0268,111.985,0.706,USSM11707037
1jJvNlkbQmtRpG9uIUpiYA,Teal,Wunderhorse,Wunderhorse,Cub,2026-03-01 15:05:14+00:00,Neutral,neutral,,,,,,,,,,,,
0T3sHoiR3t9HtwbIOgTI7J,Dying for You,Charli xcx,Charli xcx,Wuthering Heights,2026-03-01 15:05:19+00:00,Neutral,neutral,,,,,,,,,,,,
7vcNp4cj4uF4AyX5aKY4Ps,You're Not Good Enough,Blood Orange,Blood Orange / Samantha Urbani,Cupid Deluxe,2026-03-01 15:05:31+00:00,Neutral,neutral,,,,,,,,,,,,
6JuEshIRliNXRU1LXctRjZ,Halah,Mazzy Star,Mazzy Star,She Hangs Brightly,2026-03-01 15:05:49+00:00,Neutral,neutral,,,,,,,,,,,,
